"","seqnames","start","end","width","strand","name","tx_id","tx_name","exactTSS","X","p_val","avg_log2FC","pct.1","pct.2","p_val_adj","RunTime","logfcThreshold","FDR","Log2FC_C"
"1","chr1",1019995,1019999,5,"+","AGRN",23,"NM_001305275",1020120,"chr1-1019500-1019999",2.25580856258186e-08,0.0500909842118524,0.092,0.069,0.00486462860712216,18.6075263404846,0.000464158883361278,0.00486462860712216,0.0500909842118524
"2","chr1",1033868,1033992,125,"+","AGRN",25,"NM_001364727",1033993,"chr1-1033500-1033999",0.0006836428045311,0.0120181291545525,0.015,0.009,1,18.6075263404846,0.000464158883361278,1,0.0120181291545525
"3","chr1",16895855,16895979,125,"+","RNVU1-18",383,"NR_004400",16895980,"chr1-16895500-16895999",9.9640107131109e-19,-0.101844770487945,0.021,0.057,2.14872894627165e-13,18.6075263404846,0.000464158883361278,2.14872894627165e-13,-0.101844770487945
"4","chr1",28369615,28369739,125,"+","PHACTR4",713,"NM_001048183",28369740,"chr1-28369500-28369999",0.667749031089794,-0.00921179453173862,0.061,0.062,1,18.6075263404846,0.000464158883361278,1,-0.00921179453173862
"5","chr1",28438025,28438149,125,"+","PHACTR4",718,"NM_023923",28438150,"chr1-28438000-28438499",2.96017814436899e-09,0.0247491234307981,0.012,0.003,0.000638359456655029,18.6075263404846,0.000464158883361278,0.000638359456655029,0.0247491234307981
"6","chr1",146376682,146376806,125,"+","RNVU1-18",2083,"NR_004400",146376807,"chr1-146376500-146376999",0.00225162079314383,-0.0443396176137832,0.054,0.072,1,18.6075263404846,0.000464158883361278,1,-0.0443396176137832
"7","chr1",212608636,212608760,125,"+","ATF3",3467,"NM_001040619",212608761,"chr1-212608500-212608999",8.99778003480392e-07,0.0487704030677611,0.248,0.226,0.194036226672543,18.6075263404846,0.000464158883361278,0.194036226672543,0.0487704030677611
"8","chr1",212614893,212614999,107,"+","ATF3",3471,"NM_001206486",212615018,"chr1-212614500-212614999",0.898805045803814,-0.00344349029720706,0.015,0.015,1,18.6075263404846,0.000464158883361278,1,-0.00344349029720706
"9","chr1",16514286,16514410,125,"-","RNVU1-18",4308,"NR_004400",16514286,"chr1-16514000-16514499",0.976243162226814,-0.01138645446303,0.05,0.053,1,18.6075263404846,0.000464158883361278,1,-0.01138645446303
"10","chr1",36149500,36149611,112,"-","TRAPPC3",4768,"NM_001270896",36149487,"chr1-36149500-36149999",6.94351005157429e-07,0.0524386035699944,0.232,0.214,0.149736099911194,18.6075263404846,0.000464158883361278,0.149736099911194,0.0524386035699944
"11","chr1",36149515,36149639,125,"-","TRAPPC3",4765,"NM_001270894",36149515,"chr1-36149500-36149999",6.94351005157429e-07,0.0524386035699944,0.232,0.214,0.149736099911194,18.6075263404846,0.000464158883361278,0.149736099911194,0.0524386035699944
"12","chr1",36156054,36156178,125,"-","TRAPPC3",4767,"NM_001270895",36156054,"chr1-36156000-36156499",0.0576495430798319,0.00653569377585464,0.083,0.083,1,18.6075263404846,0.000464158883361278,1,0.00653569377585464
"13","chr2",96536627,96536751,125,"+","ARID5A",8635,"NM_001319085",96536752,"chr2-96536500-96536999",2.19452132925678e-10,0.0726974419120923,0.11,0.084,4.73246330132895e-05,18.6075263404846,0.000464158883361278,4.73246330132895e-05,0.0726974419120923
"14","chr2",96537754,96537878,125,"+","ARID5A",8641,"NM_001319092",96537879,"chr2-96537500-96537999",0.50411913044628,-0.00220855969607706,0.027,0.028,1,18.6075263404846,0.000464158883361278,1,-0.00220855969607706
"15","chr3",49020350,49020474,125,"+","NDUFAF3",14017,"NM_199074",49020475,"chr3-49020000-49020499",0.774115759723755,-0.0017594488142758,0.016,0.015,1,18.6075263404846,0.000464158883361278,1,-0.0017594488142758
"16","chr3",49021060,49021184,125,"+","NDUFAF3",14018,"NM_199073",49021185,"chr3-49021000-49021499",0.532726702735087,-0.0183091392196008,0.162,0.166,1,18.6075263404846,0.000464158883361278,1,-0.0183091392196008
"17","chr3",49021516,49021640,125,"+","NDUFAF3",14019,"NM_199070",49021641,"chr3-49021500-49021999",3.47608141431843e-07,0.0558223171313393,0.225,0.204,0.0749613480916356,18.6075263404846,0.000464158883361278,0.0749613480916356,0.0558223171313393
"18","chr3",49021996,49021999,4,"+","NDUFAF3",14020,"NM_199069",49022121,"chr3-49021500-49021999",3.47608141431843e-07,0.0558223171313393,0.225,0.204,0.0749613480916356,18.6075263404846,0.000464158883361278,0.0749613480916356,0.0558223171313393
"19","chr3",130850470,130850499,30,"+","ATP2C1",14880,"NM_001199181",130850595,"chr3-130850000-130850499",1.11195966481804e-09,0.041088804813603,0.033,0.017,0.000239792989758345,18.6075263404846,0.000464158883361278,0.000239792989758345,0.041088804813603
"20","chr3",130893890,130893999,110,"+","ATP2C1",14884,"NM_001001485",130894015,"chr3-130893500-130893999",0.0596446261172151,-0.0498200542159527,0.106,0.124,1,18.6075263404846,0.000464158883361278,1,-0.0498200542159527
"21","chr3",130893959,130893999,41,"+","ATP2C1",14885,"NM_001378687",130894084,"chr3-130893500-130893999",0.0596446261172151,-0.0498200542159527,0.106,0.124,1,18.6075263404846,0.000464158883361278,1,-0.0498200542159527
"22","chr3",130894425,130894499,75,"+","ATP2C1",14894,"NM_014382",130894550,"chr3-130894000-130894499",0.362120879090435,-0.00821561989111591,0.119,0.124,1,18.6075263404846,0.000464158883361278,1,-0.00821561989111591
"23","chr3",188153000,188153020,21,"+","LPP",15621,"NM_001375455",188153021,"chr3-188153000-188153499",0.42816573288134,-0.00107433372708953,0.014,0.014,1,18.6075263404846,0.000464158883361278,1,-0.00107433372708953
"24","chr3",188153773,188153897,125,"+","LPP",15624,"NM_001167671",188153898,"chr3-188153500-188153999",0.672284417208195,-0.00500653084612557,0.024,0.026,1,18.6075263404846,0.000464158883361278,1,-0.00500653084612557
"25","chr3",188154032,188154156,125,"+","LPP",15631,"NM_001375462",188154157,"chr3-188154000-188154499",2.90567460041076e-09,0.0714536080068356,0.159,0.131,0.000626605821903979,18.6075263404846,0.000464158883361278,0.000626605821903979,0.0714536080068356
"26","chr4",102501234,102501358,125,"+","NFKB1",19011,"NM_001165412",102501359,"chr4-102501000-102501499",4.04570343993698e-09,0.0696937808041484,0.177,0.146,0.00087245190111897,18.6075263404846,0.000464158883361278,0.00087245190111897,0.0696937808041484
"27","chr4",102501809,102501933,125,"+","NFKB1",19016,"NM_001319226",102501934,"chr4-102501500-102501999",0.618473661749969,-0.0396234742664809,0.164,0.18,1,18.6075263404846,0.000464158883361278,1,-0.0396234742664809
"28","chr5",154682854,154682978,125,"+","LARP1",22469,"NM_001367713",154682979,"chr5-154682500-154682999",8.85567648428512e-11,0.0746209319444379,0.129,0.103,1.9097177781596e-05,18.6075263404846,0.000464158883361278,1.9097177781596e-05,0.0746209319444379
"29","chr5",154755252,154755376,125,"+","LARP1",22476,"NM_001367718",154755377,"chr5-154755000-154755499",0.00140032912378588,0.020897754530769,0.214,0.207,1,18.6075263404846,0.000464158883361278,1,0.020897754530769
"30","chr5",154757029,154757153,125,"+","LARP1",22478,"NM_001367719",154757154,"chr5-154757000-154757499",0.0845859176401864,-0.0214454126123587,0.02,0.029,1,18.6075263404846,0.000464158883361278,1,-0.0214454126123587
"31","chr5",177132954,177132999,46,"+","NSD1",22715,"NM_172349",177133079,"chr5-177132500-177132999",0.0237647874301553,-0.0254250761974605,0.024,0.034,1,18.6075263404846,0.000464158883361278,1,-0.0254250761974605
"32","chr5",177133648,177133772,125,"+","NSD1",22716,"NM_022455",177133773,"chr5-177133500-177133999",1.37423101691946e-07,0.0591331394151992,0.21,0.188,0.0296351544567664,18.6075263404846,0.000464158883361278,0.0296351544567664,0.0591331394151992
"33","chr5",177134104,177134228,125,"+","NSD1",22717,"NM_001365684",177134229,"chr5-177134000-177134499",0.754075034081788,-0.0147707527291582,0.066,0.072,1,18.6075263404846,0.000464158883361278,1,-0.0147707527291582
"34","chr5",134225555,134225679,125,"-","PPP2CA",23799,"NM_001355019",134225555,"chr5-134225500-134225999",0.8164742378925,-0.020509156201523,0.071,0.078,1,18.6075263404846,0.000464158883361278,1,-0.020509156201523
"35","chr5",134226074,134226198,125,"-","PPP2CA",23798,"NM_002715",134226074,"chr5-134226000-134226499",6.71559591270072e-07,0.0538010218129182,0.208,0.19,0.1448211542978,18.6075263404846,0.000464158883361278,0.1448211542978,0.0538010218129182
"36","chr6",36676338,36676462,125,"+","CDKN1A",25183,"NM_001220777",36676463,"chr6-36676000-36676499",0.372785817462908,0.0016350327131048,0.009,0.008,1,18.6075263404846,0.000464158883361278,1,0.0016350327131048
"37","chr6",36678589,36678713,125,"+","CDKN1A",25188,"NR_164655",36678714,"chr6-36678500-36678999",3.14053673222474e-16,0.111011042607201,0.179,0.134,6.77253605767534e-11,18.6075263404846,0.000464158883361278,6.77253605767534e-11,0.111011042607201
"38","chr6",30686646,30686770,125,"-","PPP1R18",26770,"NM_133471",30686646,"chr6-30686500-30686999",0.0337348191353941,0.0108270478801997,0.067,0.064,1,18.6075263404846,0.000464158883361278,1,0.0108270478801997
"39","chr6",30687208,30687332,125,"-","PPP1R18",26771,"NM_001134870",30687208,"chr6-30687000-30687499",7.32009682117552e-07,0.0498306750148542,0.11,0.088,0.157857155938968,18.6075263404846,0.000464158883361278,0.157857155938968,0.0498306750148542
"40","chr6",44257289,44257413,125,"-","SLC35B2",27228,"NM_001286510",44257289,"chr6-44257000-44257499",0.189060855302462,0.00315741011495414,0.037,0.037,1,18.6075263404846,0.000464158883361278,1,0.00315741011495414
"41","chr6",44257353,44257477,125,"-","SLC35B2",27229,"NM_001286512",44257353,"chr6-44257000-44257499",0.189060855302462,0.00315741011495414,0.037,0.037,1,18.6075263404846,0.000464158883361278,1,0.00315741011495414
"42","chr6",44257529,44257653,125,"-","SLC35B2",27230,"NM_001286509",44257529,"chr6-44257500-44257999",8.32666983567973e-10,0.0625270005428486,0.091,0.069,0.00017956380233945,18.6075263404846,0.000464158883361278,0.00017956380233945,0.0625270005428486
"43","chr6",44257572,44257696,125,"-","SLC35B2",27234,"NM_001286513",44257572,"chr6-44257500-44257999",8.32666983567973e-10,0.0625270005428486,0.091,0.069,0.00017956380233945,18.6075263404846,0.000464158883361278,0.00017956380233945,0.0625270005428486
"44","chr6",44257891,44257999,109,"-","SLC35B2",27236,"NM_001286511",44257891,"chr6-44257500-44257999",8.32666983567973e-10,0.0625270005428486,0.091,0.069,0.00017956380233945,18.6075263404846,0.000464158883361278,0.00017956380233945,0.0625270005428486
"45","chr7",151085742,151085866,125,"+","AGAP3",30253,"NM_001281300",151085867,"chr7-151085500-151085999",0.691607550813518,-0.000727210254863494,0.01,0.011,1,18.6075263404846,0.000464158883361278,1,-0.000727210254863494
"46","chr7",151086350,151086474,125,"+","AGAP3",30255,"NM_001042535",151086475,"chr7-151086000-151086499",6.84317142647658e-10,0.0707802166389295,0.128,0.102,0.000147572307494825,18.6075263404846,0.000464158883361278,0.000147572307494825,0.0707802166389295
"47","chr7",151114513,151114637,125,"+","AGAP3",30260,"NM_001308305",151114638,"chr7-151114500-151114999",0.249773469165284,0.0026178911172347,0.005,0.004,1,18.6075263404846,0.000464158883361278,1,0.0026178911172347
"48","chr7",55526881,55526999,119,"-","VOPP1",31017,"NM_001321251",55526881,"chr7-55526500-55526999",0.162801267163467,-0.020185065810938,0.024,0.03,1,18.6075263404846,0.000464158883361278,1,-0.020185065810938
"49","chr7",55537695,55537819,125,"-","VOPP1",31018,"NM_001321242",55537695,"chr7-55537500-55537999",0.432212585264607,0.00131919788310039,0.012,0.011,1,18.6075263404846,0.000464158883361278,1,0.00131919788310039
"50","chr7",55537717,55537841,125,"-","VOPP1",31019,"NM_001284284",55537717,"chr7-55537500-55537999",0.432212585264607,0.00131919788310039,0.012,0.011,1,18.6075263404846,0.000464158883361278,1,0.00131919788310039
"51","chr7",55538668,55538792,125,"-","VOPP1",31023,"NM_001284283",55538668,"chr7-55538500-55538999",0.276439849724016,-0.00389584993422433,0.001,0.003,1,18.6075263404846,0.000464158883361278,1,-0.00389584993422433
"52","chr7",55552767,55552891,125,"-","VOPP1",31024,"NM_001284282",55552767,"chr7-55552500-55552999",1.80235068431832e-07,0.0298117257434473,0.018,0.008,0.0388675122722562,18.6075263404846,0.000464158883361278,0.0388675122722562,0.0298117257434473
"53","chr7",55571869,55571993,125,"-","VOPP1",31021,"NM_001321250",55571869,"chr7-55571500-55571999",0.0266292767868197,0.0140766252128363,0.051,0.047,1,18.6075263404846,0.000464158883361278,1,0.0140766252128363
"54","chr7",55572163,55572287,125,"-","VOPP1",31022,"NM_001321249",55572163,"chr7-55572000-55572499",0.389223581872841,-0.000540663916667641,0.034,0.032,1,18.6075263404846,0.000464158883361278,1,-0.000540663916667641
"55","chr7",55572503,55572627,125,"-","VOPP1",31025,"NM_001321243",55572503,"chr7-55572500-55572999",0.592051421712573,-0.00578152048512469,0.042,0.045,1,18.6075263404846,0.000464158883361278,1,-0.00578152048512469
"56","chr9",96566832,96566956,125,"-","CDC14B",37584,"NM_001077181",96566832,"chr9-96566500-96566999",0.000920309928961932,0.0195755282391869,0.042,0.032,1,18.6075263404846,0.000464158883361278,1,0.0195755282391869
"57","chr9",96567000,96567101,102,"-","CDC14B",37583,"NM_001351570",96566977,"chr9-96567000-96567499",5.92602689632038e-07,0.0334929076075527,0.044,0.03,0.127794177416459,18.6075263404846,0.000464158883361278,0.127794177416459,0.0334929076075527
"58","chr9",96619844,96619968,125,"-","CDC14B",37586,"NM_003671",96619844,"chr9-96619500-96619999",0.00940269269931442,0.0140410960828733,0.024,0.018,1,18.6075263404846,0.000464158883361278,1,0.0140410960828733
"59","chr9",127569074,127569198,125,"-","NIBAN2",37942,"NM_022833",127569074,"chr9-127569000-127569499",0.0443702238001579,0.00728904976332587,0.079,0.075,1,18.6075263404846,0.000464158883361278,1,0.00728904976332587
"60","chr9",127579032,127579156,125,"-","NIBAN2",37943,"NM_001035534",127579032,"chr9-127579000-127579499",1.04832360943775e-13,0.0898212146780898,0.107,0.072,2.26069938051641e-08,18.6075263404846,0.000464158883361278,2.26069938051641e-08,0.0898212146780898
"61","chr9",127755283,127755407,125,"-","SH2D3C",37957,"NM_001142534",127755283,"chr9-127755000-127755499",0.110901915573838,0.0042669167877547,0.004,0.002,1,18.6075263404846,0.000464158883361278,1,0.0042669167877547
"62","chr9",127755305,127755429,125,"-","SH2D3C",37958,"NM_001142533",127755305,"chr9-127755000-127755499",0.110901915573838,0.0042669167877547,0.004,0.002,1,18.6075263404846,0.000464158883361278,1,0.0042669167877547
"63","chr9",127762500,127762543,44,"-","SH2D3C",37959,"NM_001142532",127762419,"chr9-127762500-127762999",0.0250205821023668,-0.0177950500133395,0.015,0.022,1,18.6075263404846,0.000464158883361278,1,-0.0177950500133395
"64","chr9",127762500,127762565,66,"-","SH2D3C",37960,"NM_001142531",127762441,"chr9-127762500-127762999",0.0250205821023668,-0.0177950500133395,0.015,0.022,1,18.6075263404846,0.000464158883361278,1,-0.0177950500133395
"65","chr9",127771295,127771419,125,"-","SH2D3C",37961,"NM_005489",127771295,"chr9-127771000-127771499",8.44738089824435e-07,0.056522265143183,0.163,0.138,0.18216692433255,18.6075263404846,0.000464158883361278,0.18216692433255,0.056522265143183
"66","chr9",127771370,127771494,125,"-","SH2D3C",37962,"NM_001252334",127771370,"chr9-127771000-127771499",8.44738089824435e-07,0.056522265143183,0.163,0.138,0.18216692433255,18.6075263404846,0.000464158883361278,0.18216692433255,0.056522265143183
"67","chr9",127778667,127778791,125,"-","SH2D3C",37963,"NM_170600",127778667,"chr9-127778500-127778999",0.919449955325586,-0.0301258455428106,0.106,0.115,1,18.6075263404846,0.000464158883361278,1,-0.0301258455428106
"68","chr10",103678216,103678340,125,"-","SH3PXD2A",41574,"NM_001365079",103678216,"chr10-103678000-103678499",2.23520921277902e-07,0.0449450890874974,0.05,0.035,0.0482020631526584,18.6075263404846,0.000464158883361278,0.0482020631526584,0.0449450890874974
"69","chr10",103855407,103855499,93,"-","SH3PXD2A",41575,"NM_014631",103855407,"chr10-103855000-103855499",0.0166351981031922,0.00584933993739765,0.005,0.002,1,18.6075263404846,0.000464158883361278,1,0.00584933993739765
"70","chr11",126062867,126062991,125,"-","CDON",46518,"NM_001378964",126062867,"chr11-126062500-126062999",0.000962873986750131,0.0182325923510454,0.027,0.02,1,18.6075263404846,0.000464158883361278,1,0.0182325923510454
"71","chr11",126063293,126063417,125,"-","CDON",46519,"NM_001243597",126063293,"chr11-126063000-126063499",2.46386431391447e-07,0.0342656686467951,0.034,0.02,0.0531329875431343,18.6075263404846,0.000464158883361278,0.0531329875431343,0.0342656686467951
"72","chr12",52006821,52006945,125,"+","TAMALIN",47466,"NM_181711",52006946,"chr12-52006500-52006999",5.51897122290618e-08,0.0622319394971876,0.137,0.109,0.0119016062524849,18.6075263404846,0.000464158883361278,0.0119016062524849,0.0622319394971876
"73","chr12",52010367,52010491,125,"+","TAMALIN",47467,"NM_001271856",52010492,"chr12-52010000-52010499",0.0702242236850012,0.00746823338768032,0.019,0.017,1,18.6075263404846,0.000464158883361278,1,0.00746823338768032
"74","chr12",108632082,108632206,125,"-","SELPLG",50115,"NM_001206609",108632082,"chr12-108632000-108632499",0.0430770072273292,-0.0419556200517418,0.061,0.075,1,18.6075263404846,0.000464158883361278,1,-0.0419556200517418
"75","chr12",108634000,108634019,20,"-","SELPLG",50116,"NM_003006",108633895,"chr12-108634000-108634499",2.23120726386063e-07,-0.0802299993081825,0.076,0.108,0.0481157615244282,18.6075263404846,0.000464158883361278,0.0481157615244282,-0.0802299993081825
"76","chr12",120250164,120250288,125,"-","PXN",50300,"NM_025157",120250164,"chr12-120250000-120250499",0.589998514247012,-0.00262391241221594,0.002,0.003,1,18.6075263404846,0.000464158883361278,1,-0.00262391241221594
"77","chr12",120265731,120265855,125,"-","PXN",50301,"NM_001080855",120265731,"chr12-120265500-120265999",1.32699860863102e-10,0.0708792176233029,0.108,0.079,2.8616592295267e-05,18.6075263404846,0.000464158883361278,2.8616592295267e-05,0.0708792176233029
"78","chr12",120265772,120265896,125,"-","PXN",50299,"NM_001243756",120265772,"chr12-120265500-120265999",1.32699860863102e-10,0.0708792176233029,0.108,0.079,2.8616592295267e-05,18.6075263404846,0.000464158883361278,2.8616592295267e-05,0.0708792176233029
"79","chr16",19167709,19167833,125,"+","SYT17",57615,"NM_001330509",19167834,"chr16-19167500-19167999",0.502799124820675,-0.0376772969996348,0.121,0.138,1,18.6075263404846,0.000464158883361278,1,-0.0376772969996348
"80","chr16",19168115,19168239,125,"+","SYT17",57616,"NM_016524",19168240,"chr16-19168000-19168499",0.753140555235868,-0.00619679815777754,0.012,0.015,1,18.6075263404846,0.000464158883361278,1,-0.00619679815777754
"81","chr16",19172210,19172334,125,"+","SYT17",57617,"NM_001308157",19172335,"chr16-19172000-19172499",3.41447692363231e-12,-0.0767131965071438,0.017,0.043,7.36328534104383e-07,18.6075263404846,0.000464158883361278,7.36328534104383e-07,-0.0767131965071438
"82","chr16",89720243,89720367,125,"+","ZNF276",58894,"NR_110128",89720368,"chr16-89720000-89720499",0.124440876000332,-0.00670084877167045,0.004,0.006,1,18.6075263404846,0.000464158883361278,1,-0.00670084877167045
"83","chr16",89721000,89721001,2,"+","ZNF276",58895,"NM_152287",89721002,"chr16-89721000-89721499",0.000851804213721176,-0.058318921554177,0.082,0.104,1,18.6075263404846,0.000464158883361278,1,-0.058318921554177
"84","chr16",89721500,89721536,37,"+","ZNF276",58898,"NM_001113525",89721537,"chr16-89721500-89721999",7.54332195015162e-08,-0.0762320916524473,0.05,0.079,0.0162670983522825,18.6075263404846,0.000464158883361278,0.0162670983522825,-0.0762320916524473
"85","chr16",89200538,89200662,125,"-","SLC22A31",60249,"NM_001366322",89200538,"chr16-89200500-89200999",0.91237082968221,-0.00213856175217421,0.008,0.009,1,18.6075263404846,0.000464158883361278,1,-0.00213856175217421
"86","chr16",89201679,89201803,125,"-","SLC22A31",60253,"NM_001384764",89201679,"chr16-89201500-89201999",1.19090460607536e-07,0.0581194917673408,0.082,0.062,0.0256817387395546,18.6075263404846,0.000464158883361278,0.0256817387395546,0.0581194917673408
"87","chr17",7614000,7614063,64,"+","SHBG",60539,"NM_001289114",7614064,"chr17-7614000-7614499",0.561815939169589,-0.00572045824381352,0.01,0.013,1,18.6075263404846,0.000464158883361278,1,-0.00572045824381352
"88","chr17",7627844,7627968,125,"+","SHBG",60540,"NM_001289113",7627969,"chr17-7627500-7627999",3.93385450027434e-08,0.0576250171196533,0.121,0.1,0.0084833178912966,18.6075263404846,0.000464158883361278,0.0084833178912966,0.0576250171196533
"89","chr17",77281374,77281498,125,"+","SEPTIN9",62081,"NM_001113491",77281499,"chr17-77281000-77281499",1.24184646215643e-06,0.0431789494812762,0.064,0.047,0.267802947717572,18.6075263404846,0.000464158883361278,0.267802947717572,0.0431789494812762
"90","chr17",77319390,77319499,110,"+","SEPTIN9",62084,"NM_006640",77319515,"chr17-77319000-77319499",4.75010172929398e-07,0.0370860419803949,0.051,0.037,0.102435468782052,18.6075263404846,0.000464158883361278,0.102435468782052,0.0370860419803949
"91","chr17",77373212,77373336,125,"+","SEPTIN9",62085,"NM_001113493",77373337,"chr17-77373000-77373499",0.279360721149448,-0.0212544420926442,0.041,0.048,1,18.6075263404846,0.000464158883361278,1,-0.0212544420926442
"92","chr17",77376000,77376082,83,"+","SEPTIN9",62086,"NM_001113494",77376083,"chr17-77376000-77376499",0.00939601302674615,-0.0146620616409556,0.007,0.012,1,18.6075263404846,0.000464158883361278,1,-0.0146620616409556
"93","chr17",77404952,77404999,48,"+","SEPTIN9",62087,"NM_001293696",77405077,"chr17-77404500-77404999",0.039336794811783,0.00866941905466704,0.018,0.016,1,18.6075263404846,0.000464158883361278,1,0.00866941905466704
"94","chr17",77450624,77450748,125,"+","SEPTIN9",62088,"NM_001113496",77450749,"chr17-77450500-77450999",0.140028342477826,0.00438806628710036,0.011,0.009,1,18.6075263404846,0.000464158883361278,1,0.00438806628710036
"95","chr17",77451359,77451483,125,"+","SEPTIN9",62089,"NM_001293697",77451484,"chr17-77451000-77451499",0.0641045527923055,-0.0240346862085398,0.03,0.041,1,18.6075263404846,0.000464158883361278,1,-0.0240346862085398
"96","chr17",77454000,77454026,27,"+","SEPTIN9",62090,"NM_001293698",77454027,"chr17-77454000-77454499",0.550383320971554,-0.00275663177091998,0.004,0.006,1,18.6075263404846,0.000464158883361278,1,-0.00275663177091998
"97","chr17",78360323,78360447,125,"+","SOCS3-DT",62111,"NR_110845",78360448,"chr17-78360000-78360499",1.87347103997239e-34,0.167639822189435,0.147,0.084,4.04012156299005e-29,18.6075263404846,0.000464158883361278,4.04012156299005e-29,0.167639822189435
"98","chr17",78360877,78360999,123,"+","SOCS3-DT",62113,"NR_110846",78361002,"chr17-78360500-78360999",0.0125991558960983,0.0107678110576934,0.077,0.072,1,18.6075263404846,0.000464158883361278,1,0.0107678110576934
"99","chr17",81035026,81035150,125,"+","BAIAP2",62164,"NM_001385131",81035151,"chr17-81035000-81035499",0.0310417022854447,0.00924451575898977,0.13,0.126,1,18.6075263404846,0.000464158883361278,1,0.00924451575898977
"100","chr17",81097500,81097610,111,"+","BAIAP2",62204,"NM_001385159",81097611,"chr17-81097500-81097999",1.47450584121282e-10,0.047740678046901,0.041,0.023,3.17975710151704e-05,18.6075263404846,0.000464158883361278,3.17975710151704e-05,0.047740678046901
"101","chr17",36089699,36089823,125,"-","CCL3",63030,"NR_168496",36089699,"chr17-36089500-36089999",0.000559775045703511,0.0108853079540515,0.012,0.006,1,18.6075263404846,0.000464158883361278,1,0.0108853079540515
"102","chr17",36089854,36089978,125,"-","CCL3",63031,"NR_168495",36089854,"chr17-36089500-36089999",0.000559775045703511,0.0108853079540515,0.012,0.006,1,18.6075263404846,0.000464158883361278,1,0.0108853079540515
"103","chr17",36090144,36090268,125,"-","CCL3",63032,"NM_002983",36090144,"chr17-36090000-36090499",1.01069599318561e-10,0.0585612537489603,0.058,0.037,2.17955580234483e-05,18.6075263404846,0.000464158883361278,2.17955580234483e-05,0.0585612537489603
"104","chr17",36196307,36196431,125,"-","CCL3",63042,"NR_168496",36196307,"chr17-36196000-36196499",0.0447463344747318,0.00352218785406666,0.006,0.004,1,18.6075263404846,0.000464158883361278,1,0.00352218785406666
"105","chr17",46192783,46192907,125,"-","KANSL1",63516,"NM_001193466",46192783,"chr17-46192500-46192999",0.00408093748849871,0.0163865732221004,0.068,0.061,1,18.6075263404846,0.000464158883361278,1,0.0163865732221004
"106","chr17",46193500,46193554,55,"-","KANSL1",63517,"NM_015443",46193430,"chr17-46193500-46193999",4.52449438553053e-07,0.0447954934323729,0.156,0.14,0.0975702689745273,18.6075263404846,0.000464158883361278,0.0975702689745273,0.0447954934323729
"107","chr17",46225368,46225492,125,"-","KANSL1",63518,"NM_001193465",46225368,"chr17-46225000-46225499",0.00699236652923314,0.0148695398964382,0.072,0.067,1,18.6075263404846,0.000464158883361278,1,0.0148695398964382
"108","chr17",78359668,78359792,125,"-","SOCS3",64095,"NM_001378932",78359668,"chr17-78359500-78359999",0.000467087310451037,0.0198685371567537,0.027,0.019,1,18.6075263404846,0.000464158883361278,1,0.0198685371567537
"109","chr17",78360078,78360202,125,"-","SOCS3",64096,"NM_003955",78360078,"chr17-78360000-78360499",1.87347103997239e-34,0.167639822189435,0.147,0.084,4.04012156299005e-29,18.6075263404846,0.000464158883361278,4.04012156299005e-29,0.167639822189435
"110","chr17",78360926,78360999,74,"-","SOCS3",64097,"NM_001378933",78360926,"chr17-78360500-78360999",0.0125991558960983,0.0107678110576934,0.077,0.072,1,18.6075263404846,0.000464158883361278,1,0.0107678110576934
"111","chr19",10416648,10416772,125,"+","PDE4A",65945,"NM_001243121",10416773,"chr19-10416500-10416999",2.8644989278139e-09,0.0708654121943941,0.15,0.12,0.000617726329284139,18.6075263404846,0.000464158883361278,0.000617726329284139,0.0708654121943941
"112","chr19",10420413,10420499,87,"+","PDE4A",65946,"NM_001111307",10420538,"chr19-10420000-10420499",0.300620453007535,0.00102933395519555,0.015,0.015,1,18.6075263404846,0.000464158883361278,1,0.00102933395519555
"113","chr19",10430720,10430844,125,"+","PDE4A",65947,"NM_001111308",10430845,"chr19-10430500-10430999",0.00232840817004004,0.0265970909005691,0.11,0.099,1,18.6075263404846,0.000464158883361278,1,0.0265970909005691
"114","chr19",10432310,10432434,125,"+","PDE4A",65948,"NM_001111309",10432435,"chr19-10432000-10432499",0.589869193839171,-0.0121023833122504,0.111,0.114,1,18.6075263404846,0.000464158883361278,1,-0.0121023833122504
"115","chr19",18636903,18636999,97,"+","KLHL26",66360,"NM_001345985",18637028,"chr19-18636500-18636999",3.70558922173738e-18,0.124826038017097,0.245,0.197,7.99106610078445e-13,18.6075263404846,0.000464158883361278,7.99106610078445e-13,0.124826038017097
"116","chr19",18644513,18644637,125,"+","KLHL26",66365,"NM_001345983",18644638,"chr19-18644500-18644999",0.775129668718594,-0.007149094998556,0.024,0.027,1,18.6075263404846,0.000464158883361278,1,-0.007149094998556
"117","chr19",55075744,55075868,125,"+","EPS8L1",67751,"NM_133180",55075869,"chr19-55075500-55075999",0.783719007556255,-0.0095824368754053,0.049,0.052,1,18.6075263404846,0.000464158883361278,1,-0.0095824368754053
"118","chr19",55080267,55080391,125,"+","EPS8L1",67752,"NM_017729",55080392,"chr19-55080000-55080499",5.8279272773958e-13,0.0817676061035883,0.081,0.052,1.25678668944313e-07,18.6075263404846,0.000464158883361278,1.25678668944313e-07,0.0817676061035883
"119","chr19",8592197,8592321,125,"-","ADAMTS10",68286,"NM_001282352",8592197,"chr19-8592000-8592499",8.35519754653107e-07,0.0364565302559591,0.047,0.03,0.180178999571188,18.6075263404846,0.000464158883361278,0.180178999571188,0.0364565302559591
"120","chr19",8610716,8610840,125,"-","ADAMTS10",68287,"NM_030957",8610716,"chr19-8610500-8610999",0.781907344482169,-0.0053389868080726,0.01,0.012,1,18.6075263404846,0.000464158883361278,1,-0.0053389868080726
"121","chr20",63553000,63553019,20,"+","FNDC11",71213,"NM_024059",63553020,"chr20-63553000-63553499",3.37386993352116e-15,0.0729671089672085,0.065,0.031,7.27571677293906e-10,18.6075263404846,0.000464158883361278,7.27571677293906e-10,0.0729671089672085
"122","chr20",63554034,63554158,125,"+","FNDC11",71214,"NM_001319152",63554159,"chr20-63554000-63554499",0.000316283034545717,0.0196639389763173,0.02,0.014,1,18.6075263404846,0.000464158883361278,1,0.0196639389763173
"123","chr20",1588698,1588822,125,"-","SIRPB1",71317,"NM_001330639",1588698,"chr20-1588500-1588999",1.2217703209368e-07,0.0394971653938579,0.029,0.014,0.0263473547939699,18.6075263404846,0.000464158883361278,0.0263473547939699,0.0394971653938579
"124","chr20",1620010,1620134,125,"-","SIRPB1",71316,"NM_006065",1620010,"chr20-1620000-1620499",0.06615875579831,-0.0396564612851386,0.055,0.07,1,18.6075263404846,0.000464158883361278,1,-0.0396564612851386
"125","chr20",1620095,1620219,125,"-","SIRPB1",71318,"NM_001083910",1620095,"chr20-1620000-1620499",0.06615875579831,-0.0396564612851386,0.055,0.07,1,18.6075263404846,0.000464158883361278,1,-0.0396564612851386
"126","chr21",41420433,41420499,67,"+","MX1",72572,"NM_001144925",41420558,"chr21-41420000-41420499",6.65349776201408e-08,0.051613656953412,0.065,0.047,0.0143482013888057,18.6075263404846,0.000464158883361278,0.0143482013888057,0.051613656953412
"127","chr21",41426000,41426030,31,"+","MX1",72573,"NM_001178046",41426031,"chr21-41426000-41426499",3.37297859900253e-05,0.032013467234263,0.053,0.042,1,18.6075263404846,0.000464158883361278,1,0.032013467234263
"128","chr21",41426114,41426238,125,"+","MX1",72574,"NM_002462",41426239,"chr21-41426000-41426499",3.37297859900253e-05,0.032013467234263,0.053,0.042,1,18.6075263404846,0.000464158883361278,1,0.032013467234263
"129","chr22",44668422,44668499,78,"+","PRR5",73947,"NM_001017528",44668547,"chr22-44668000-44668499",0.00201635366445207,-0.0199974416766143,0.01,0.018,1,18.6075263404846,0.000464158883361278,1,-0.0199974416766143
"130","chr22",44676683,44676807,125,"+","PRR5",73949,"NM_001017530",44676808,"chr22-44676500-44676999",0.241325237383694,0.00295843824795421,0.005,0.004,1,18.6075263404846,0.000464158883361278,1,0.00295843824795421
"131","chr22",44676960,44676999,40,"+","PRR5",73950,"NM_001198721",44677085,"chr22-44676500-44676999",0.241325237383694,0.00295843824795421,0.005,0.004,1,18.6075263404846,0.000464158883361278,1,0.00295843824795421
"132","chr22",44702079,44702203,125,"+","PRR5",73953,"NM_181333",44702204,"chr22-44702000-44702499",1.93455344293307e-07,0.0583196797540227,0.158,0.135,0.0417184515415074,18.6075263404846,0.000464158883361278,0.0417184515415074,0.0583196797540227
"133","chr22",30266241,30266365,125,"-","OSM",74386,"NM_001319108",30266241,"chr22-30266000-30266499",6.12740724443845e-12,0.0795709213882721,0.119,0.09,1.32136924485591e-06,18.6075263404846,0.000464158883361278,1.32136924485591e-06,0.0795709213882721
"134","chr22",30266852,30266976,125,"-","OSM",74387,"NM_020530",30266852,"chr22-30266500-30266999",0.000107420929470135,0.0252702129620637,0.034,0.026,1,18.6075263404846,0.000464158883361278,1,0.0252702129620637
