"","promoter","TF","prediction","Promoter","Gene"
"1",15.601911607127,-11.9640881564433,15.8745616368302,"chr10:102394000-102394499","NFKB2"
"2",15.6397481816682,-19.5314780972655,15.798748721171,"chr10:102394000-102394499","NFKB2"
"3",15.3045283674707,-6.09799615780624,15.933330319483,"chr10:102394000-102394499","NFKB2"
"4",15.687625932051,-0.430578925863141,15.9901086047268,"chr10:102394000-102394499","NFKB2"
"5",16.4726462066619,5.76621169075068,16.0521903486371,"chr10:102394000-102394499","NFKB2"
"6",16.2100785571211,-0.619870317375169,15.9882122134463,"chr10:102394000-102394499","NFKB2"
"7",16.1305920683247,-9.65621437920252,15.8976827712497,"chr10:102394000-102394499","NFKB2"
"8",15.8523421991159,14.4268509412402,16.1389558408592,"chr10:102394000-102394499","NFKB2"
"9",16.3180196461579,18.7089392384905,16.1818553876598,"chr10:102394000-102394499","NFKB2"
"10",16.2218348948878,-6.14688742225517,15.9328405086847,"chr10:102394000-102394499","NFKB2"
"11",16.0167556501885,-1.13335705239925,15.983067913121,"chr10:102394000-102394499","NFKB2"
"12",16.2277005247732,11.7688668874967,16.1123271719964,"chr10:102394000-102394499","NFKB2"
"13",15.949336008855,4.01806390099983,16.0346767565028,"chr10:102394000-102394499","NFKB2"
"14",16.0696897315345,-6.49736305157246,15.9293293140015,"chr10:102394000-102394499","NFKB2"
"15",15.8530506593124,-16.3552142560369,15.8305697089342,"chr10:102394000-102394499","NFKB2"
"16",16.0720217897505,20.9800332308753,16.20460804857,"chr10:102394000-102394499","NFKB2"
"17",16.1749009223422,1.61272294322959,16.0105791597635,"chr10:102394000-102394499","NFKB2"
"18",16.1327719624003,-0.708225793305526,15.9873270355584,"chr10:102394000-102394499","NFKB2"
"19",15.6693343832481,-4.41650690512749,15.9501761017001,"chr10:102394000-102394499","NFKB2"
"20",16.3491237286537,13.4602427580542,16.1292720020138,"chr10:102394000-102394499","NFKB2"
"21",16.2153475598159,-14.9133793318019,15.8450145453125,"chr10:102394000-102394499","NFKB2"
"22",16.0969327964688,-17.4116378328407,15.8199860662047,"chr10:102394000-102394499","NFKB2"
"23",16.1217883136931,-5.8599382003319,15.9357152722862,"chr10:102394000-102394499","NFKB2"
"24",16.4242947945018,15.7772479568529,16.152484618397,"chr10:102394000-102394499","NFKB2"
"25",15.9897427454351,-12.155495388915,15.8726440482712,"chr10:102394000-102394499","NFKB2"
"26",15.4379883163671,-3.77594197723426,15.956593518436,"chr10:102394000-102394499","NFKB2"
"27",16.0190865339207,-6.70388919288965,15.9272602586131,"chr10:102394000-102394499","NFKB2"
"28",15.9292141925128,-13.3690573683455,15.8604861348145,"chr10:102394000-102394499","NFKB2"
"29",16.2293994341822,9.06127390898907,16.0852015025483,"chr10:102394000-102394499","NFKB2"
"30",16.0901166140219,-2.98440013782436,15.9645234777986,"chr10:102394000-102394499","NFKB2"
"31",15.7777681643602,-15.9099086839385,15.8350309451126,"chr10:102394000-102394499","NFKB2"
"32",16.1606157476904,-9.44351971073653,15.8998136252281,"chr10:102394000-102394499","NFKB2"
"33",16.1121898668345,-3.6026813236423,15.9583293078456,"chr10:102394000-102394499","NFKB2"
"34",16.1577571789465,-13.1063358713071,15.8631181760933,"chr10:102394000-102394499","NFKB2"
"35",16.4462942590704,-5.97071986440154,15.934605420538,"chr10:102394000-102394499","NFKB2"
"36",15.8599597772074,-5.10500958998633,15.9432784267572,"chr10:102394000-102394499","NFKB2"
"37",16.1950726364382,-12.873005909304,15.8654557620864,"chr10:102394000-102394499","NFKB2"
"38",16.070084065856,4.7705851673041,16.0422157933095,"chr10:102394000-102394499","NFKB2"
"39",16.1973237584042,-11.9172686834966,15.8750306916538,"chr10:102394000-102394499","NFKB2"
"40",15.797705735725,10.7494819606734,16.1021145961828,"chr10:102394000-102394499","NFKB2"
"41",16.2010640354456,8.45327377946156,16.0791103320257,"chr10:102394000-102394499","NFKB2"
"42",16.2640362766761,31.5600510156118,16.3106025859548,"chr10:102394000-102394499","NFKB2"
"43",16.1928052003986,37.4925990011733,16.3700370493022,"chr10:102394000-102394499","NFKB2"
"44",15.8517721083066,-1.63093347393473,15.9780830082099,"chr10:102394000-102394499","NFKB2"
"45",15.982250169606,-19.774281663419,15.7963162251022,"chr10:102394000-102394499","NFKB2"
"46",16.4217460101001,22.1114990178413,16.2159434919593,"chr10:102394000-102394499","NFKB2"
"47",15.7677865490301,7.87017050618887,16.0732685874318,"chr10:102394000-102394499","NFKB2"
"48",15.7253847689598,-0.222445979512359,15.9921937576832,"chr10:102394000-102394499","NFKB2"
"49",15.4550652177305,-14.3639907851232,15.8505185232863,"chr10:102394000-102394499","NFKB2"
"50",16.1099954549071,9.70069321804626,16.0916074420503,"chr10:102394000-102394499","NFKB2"
"51",15.3516877669176,-10.816303676575,15.88606056693,"chr10:102394000-102394499","NFKB2"
"52",16.4638136273009,23.391536662046,16.2287673832507,"chr10:102394000-102394499","NFKB2"
"53",16.1710588937662,14.1281796485789,16.1359636412108,"chr10:102394000-102394499","NFKB2"
"54",16.217573475929,6.12505939134375,16.0557854178316,"chr10:102394000-102394499","NFKB2"
"55",16.2498737381297,-9.71659271061435,15.8970778787593,"chr10:102394000-102394499","NFKB2"
"56",15.7317397551521,-2.68366953776684,15.9675363083513,"chr10:102394000-102394499","NFKB2"
"57",16.408407246536,27.067026263974,16.2655897996157,"chr10:102394000-102394499","NFKB2"
"58",16.4383030462211,32.8119746464153,16.3231448206455,"chr10:102394000-102394499","NFKB2"
"59",15.7888158899551,1.90048687046042,16.0134620853846,"chr10:102394000-102394499","NFKB2"
"60",15.9324672403917,5.94037943098756,16.0539352255767,"chr10:102394000-102394499","NFKB2"
"61",15.9898100772646,-12.3892612667854,15.8703020951115,"chr10:102394000-102394499","NFKB2"
"62",15.4780746603174,-3.45965468162329,15.9597622017275,"chr10:102394000-102394499","NFKB2"
"63",15.7914905218276,-7.80074945070974,15.9162715062339,"chr10:102394000-102394499","NFKB2"
"64",15.7999264337839,-1.62881089859038,15.978104272956,"chr10:102394000-102394499","NFKB2"
"65",15.5660595685579,-5.38118604570245,15.9405115887182,"chr10:102394000-102394499","NFKB2"
"66",15.7981597292667,-13.5683713034134,15.85848933398,"chr10:102394000-102394499","NFKB2"
"67",15.9598894132909,-1.84092340198299,15.975979251323,"chr10:102394000-102394499","NFKB2"
"68",15.4244792735531,-0.102066616122415,15.9933997627385,"chr10:102394000-102394499","NFKB2"
"69",15.85120260196,-10.3942958082677,15.8902883980815,"chr10:102394000-102394499","NFKB2"
"70",14.5780948407173,-11.9640881564433,14.4064441745662,"chr2:64144500-64144999","PELI1"
"71",14.4251914522782,-19.5314780972655,14.3483874771834,"chr2:64144500-64144999","PELI1"
"72",13.8701862424066,-6.09799615780624,14.4514485856838,"chr2:64144500-64144999","PELI1"
"73",14.4425508936212,-0.430578925863141,14.4949287723465,"chr2:64144500-64144999","PELI1"
"74",14.6039328135319,5.76621169075068,14.5424702893539,"chr2:64144500-64144999","PELI1"
"75",14.7771515016647,-0.619870317375169,14.4934765367514,"chr2:64144500-64144999","PELI1"
"76",14.6838267142896,-9.65621437920252,14.4241500851285,"chr2:64144500-64144999","PELI1"
"77",15.0222861674738,14.4268509412402,14.6089143494643,"chr2:64144500-64144999","PELI1"
"78",15.3180373048485,18.7089392384905,14.6417663507995,"chr2:64144500-64144999","PELI1"
"79",14.1149821264372,-6.14688742225517,14.451073493959,"chr2:64144500-64144999","PELI1"
"80",14.7773193324052,-1.13335705239925,14.4895370881148,"chr2:64144500-64144999","PELI1"
"81",14.3463954826259,11.7688668874967,14.5885224075843,"chr2:64144500-64144999","PELI1"
"82",14.7300532674768,4.01806390099983,14.5290585730285,"chr2:64144500-64144999","PELI1"
"83",14.606070403151,-6.49736305157246,14.44838465967,"chr2:64144500-64144999","PELI1"
"84",14.5692213052781,-16.3552142560369,14.3727556397969,"chr2:64144500-64144999","PELI1"
"85",14.3716291898772,20.9800332308753,14.6591900883992,"chr2:64144500-64144999","PELI1"
"86",14.3004838046351,1.61272294322959,14.5106048983561,"chr2:64144500-64144999","PELI1"
"87",14.625848959491,-0.708225793305526,14.4927986772558,"chr2:64144500-64144999","PELI1"
"88",14.1980777403518,-4.41650690512749,14.4643489005161,"chr2:64144500-64144999","PELI1"
"89",14.4578768164011,13.4602427580542,14.6014985721332,"chr2:64144500-64144999","PELI1"
"90",14.5331297484167,-14.9133793318019,14.3838173366999,"chr2:64144500-64144999","PELI1"
"91",14.9501164019258,-17.4116378328407,14.3646508025431,"chr2:64144500-64144999","PELI1"
"92",14.6832499064172,-5.8599382003319,14.4532749563221,"chr2:64144500-64144999","PELI1"
"93",14.4243440078593,15.7772479568529,14.6192745385777,"chr2:64144500-64144999","PELI1"
"94",14.9502377836229,-12.155495388915,14.4049757063282,"chr2:64144500-64144999","PELI1"
"95",13.8530908132272,-3.77594197723426,14.4692632877042,"chr2:64144500-64144999","PELI1"
"96",14.5451939663335,-6.70388919288965,14.4468001997992,"chr2:64144500-64144999","PELI1"
"97",14.4244645321703,-13.3690573683455,14.3956653098578,"chr2:64144500-64144999","PELI1"
"98",14.5501509116392,9.06127390898907,14.5677498681199,"chr2:64144500-64144999","PELI1"
"99",14.7682195399632,-2.98440013782436,14.4753359634082,"chr2:64144500-64144999","PELI1"
"100",14.2075030203063,-15.9099086839385,14.3761720054189,"chr2:64144500-64144999","PELI1"
"101",14.6773288780844,-9.44351971073653,14.4257818696802,"chr2:64144500-64144999","PELI1"
"102",13.7903432367147,-3.6026813236423,14.4705925361521,"chr2:64144500-64144999","PELI1"
"103",14.5921986803091,-13.1063358713071,14.3976808981344,"chr2:64144500-64144999","PELI1"
"104",14.5883556740699,-5.97071986440154,14.4524250440542,"chr2:64144500-64144999","PELI1"
"105",14.8599840347758,-5.10500958998633,14.4590667368725,"chr2:64144500-64144999","PELI1"
"106",14.5512573091394,-12.873005909304,14.3994709957903,"chr2:64144500-64144999","PELI1"
"107",14.9546313131594,4.7705851673041,14.5348318845367,"chr2:64144500-64144999","PELI1"
"108",14.5468139938792,-11.9172686834966,14.4068033715936,"chr2:64144500-64144999","PELI1"
"109",14.9435770588198,10.7494819606734,14.5807017292955,"chr2:64144500-64144999","PELI1"
"110",13.6727763908693,8.45327377946156,14.5630853166953,"chr2:64144500-64144999","PELI1"
"111",15.2900491624647,31.5600510156118,14.7403595399058,"chr2:64144500-64144999","PELI1"
"112",14.7403264467518,37.4925990011733,14.7858737985603,"chr2:64144500-64144999","PELI1"
"113",14.344857058579,-1.63093347393473,14.4857197027341,"chr2:64144500-64144999","PELI1"
"114",14.4230024692519,-19.774281663419,14.3465246984349,"chr2:64144500-64144999","PELI1"
"115",14.9253501165534,22.1114990178413,14.6678706463335,"chr2:64144500-64144999","PELI1"
"116",15.0979504304705,7.87017050618887,14.5586117729049,"chr2:64144500-64144999","PELI1"
"117",14.6858845133524,-0.222445979512359,14.496525559558,"chr2:64144500-64144999","PELI1"
"118",14.6895529531623,-14.3639907851232,14.3880322225258,"chr2:64144500-64144999","PELI1"
"119",14.5363005302178,9.70069321804626,14.5726554661684,"chr2:64144500-64144999","PELI1"
"120",14.4257194006684,-10.816303676575,14.4152499288261,"chr2:64144500-64144999","PELI1"
"121",15.2008015673473,23.391536662046,14.6776910413084,"chr2:64144500-64144999","PELI1"
"122",14.5730205332542,14.1281796485789,14.6066229558675,"chr2:64144500-64144999","PELI1"
"123",14.4790042751921,6.12505939134375,14.5452233538217,"chr2:64144500-64144999","PELI1"
"124",14.1795436503924,-9.71659271061435,14.4236868651091,"chr2:64144500-64144999","PELI1"
"125",13.4839116597704,-2.68366953776684,14.4776431559247,"chr2:64144500-64144999","PELI1"
"126",14.8234779182061,27.067026263974,14.7058892429634,"chr2:64144500-64144999","PELI1"
"127",14.2367276702464,32.8119746464153,14.7499642453522,"chr2:64144500-64144999","PELI1"
"128",13.3559686078607,1.90048687046042,14.512812611104,"chr2:64144500-64144999","PELI1"
"129",14.2804399759932,5.94037943098756,14.5438064969325,"chr2:64144500-64144999","PELI1"
"130",14.1533658165184,-12.3892612667854,14.4031822643441,"chr2:64144500-64144999","PELI1"
"131",14.4781062689009,-3.45965468162329,14.4716898305348,"chr2:64144500-64144999","PELI1"
"132",14.2065788937791,-7.80074945070974,14.4383851340292,"chr2:64144500-64144999","PELI1"
"133",14.460115153367,-1.62881089859038,14.4857359870429,"chr2:64144500-64144999","PELI1"
"134",14.4506170460077,-5.38118604570245,14.4569479227187,"chr2:64144500-64144999","PELI1"
"135",14.291246380919,-13.5683713034134,14.39413618173,"chr2:64144500-64144999","PELI1"
"136",14.2229766317716,-1.84092340198299,14.4841086688372,"chr2:64144500-64144999","PELI1"
"137",14.2021305919129,-0.102066616122415,14.4974491049714,"chr2:64144500-64144999","PELI1"
"138",14.2948566279723,-10.3942958082677,14.4184875554444,"chr2:64144500-64144999","PELI1"
"139",14.7155930023188,-11.9640881564433,15.0054507088288,"chr11:65663000-65663499","RELA"
"140",14.7416522001056,-19.5314780972655,14.9496370795,"chr11:65663000-65663499","RELA"
"141",14.5675865393867,-6.09799615780624,15.0487163376627,"chr11:65663000-65663499","RELA"
"142",14.7320457300757,-0.430578925863141,15.0905166317018,"chr11:65663000-65663499","RELA"
"143",15.8616968620616,5.76621169075068,15.1362213432613,"chr11:65663000-65663499","RELA"
"144",15.5426650906914,-0.619870317375169,15.0891205044183,"chr11:65663000-65663499","RELA"
"145",14.9534244304898,-9.65621437920252,15.0224725370348,"chr11:65663000-65663499","RELA"
"146",15.3117849023445,14.4268509412402,15.2000982826892,"chr11:65663000-65663499","RELA"
"147",15.3180373048485,18.7089392384905,15.2316810200458,"chr11:65663000-65663499","RELA"
"148",15.3213869277601,-6.14688742225517,15.0483557379139,"chr11:65663000-65663499","RELA"
"149",14.892792597839,-1.13335705239925,15.0853332596063,"chr11:65663000-65663499","RELA"
"150",15.5578602353109,11.7688668874967,15.1804942001855,"chr11:65663000-65663499","RELA"
"151",15.2031080465756,4.01806390099983,15.1233277995809,"chr11:65663000-65663499","RELA"
"152",14.8613180771548,-6.49736305157246,15.0457707889399,"chr11:65663000-65663499","RELA"
"153",15.0984876148562,-16.3552142560369,14.9730637581926,"chr11:65663000-65663499","RELA"
"154",15.4590559996495,20.9800332308753,15.2484315772727,"chr11:65663000-65663499","RELA"
"155",14.9885126777555,1.61272294322959,15.1055870977436,"chr11:65663000-65663499","RELA"
"156",15.5478195007786,-0.708225793305526,15.0884688345796,"chr11:65663000-65663499","RELA"
"157",15.164873389153,-4.41650690512749,15.0611182382655,"chr11:65663000-65663499","RELA"
"158",15.6533915072421,13.4602427580542,15.1929690199891,"chr11:65663000-65663499","RELA"
"159",15.3356577209532,-14.9133793318019,14.9836980773758,"chr11:65663000-65663499","RELA"
"160",14.8432047038904,-17.4116378328407,14.9652720579642,"chr11:65663000-65663499","RELA"
"161",15.1632273274693,-5.8599382003319,15.0504721449755,"chr11:65663000-65663499","RELA"
"162",15.4243111991408,15.7772479568529,15.2100581974109,"chr11:65663000-65663499","RELA"
"163",15.3038648311003,-12.155495388915,15.0040389760639,"chr11:65663000-65663499","RELA"
"164",15.1749604104232,-3.77594197723426,15.0658427540796,"chr11:65663000-65663499","RELA"
"165",15.2332270706933,-6.70388919288965,15.0442475459739,"chr11:65663000-65663499","RELA"
"166",15.5369039949726,-13.3690573683455,14.9950882943868,"chr11:65663000-65663499","RELA"
"167",15.4067598091451,9.06127390898907,15.1605242247967,"chr11:65663000-65663499","RELA"
"168",15.3227918912831,-2.98440013782436,15.071680806984,"chr11:65663000-65663499","RELA"
"169",14.8910005783185,-15.9099086839385,14.9763481297306,"chr11:65663000-65663499","RELA"
"170",14.9205914848439,-9.44351971073653,15.0240412762539,"chr11:65663000-65663499","RELA"
"171",15.1342359226215,-3.6026813236423,15.067120645925,"chr11:65663000-65663499","RELA"
"172",15.2702486816151,-13.1063358713071,14.9970260087595,"chr11:65663000-65663499","RELA"
"173",15.0477713202083,-5.97071986440154,15.0496550697642,"chr11:65663000-65663499","RELA"
"174",15.4648294782058,-5.10500958998633,15.0560401553406,"chr11:65663000-65663499","RELA"
"175",15.3325918934709,-12.873005909304,14.9987469445263,"chr11:65663000-65663499","RELA"
"176",15.3951919481535,4.7705851673041,15.1288780544703,"chr11:65663000-65663499","RELA"
"177",14.7352517024919,-11.9172686834966,15.0057960279849,"chr11:65663000-65663499","RELA"
"178",15.1011135995677,10.7494819606734,15.1729756802078,"chr11:65663000-65663499","RELA"
"179",14.8791646652408,8.45327377946156,15.1560398921369,"chr11:65663000-65663499","RELA"
"180",15.1831367284689,31.5600510156118,15.3264649805395,"chr11:65663000-65663499","RELA"
"181",15.1928244601892,37.4925990011733,15.370220758533,"chr11:65663000-65663499","RELA"
"182",15.5231556016262,-1.63093347393473,15.0816633620364,"chr11:65663000-65663499","RELA"
"183",15.0554935870311,-19.774281663419,14.9478462707341,"chr11:65663000-65663499","RELA"
"184",15.024882699057,22.1114990178413,15.2567767547415,"chr11:65663000-65663499","RELA"
"185",15.3389522011042,7.87017050618887,15.1517391873749,"chr11:65663000-65663499","RELA"
"186",14.6034255729937,-0.222445979512359,15.0920517257315,"chr11:65663000-65663499","RELA"
"187",14.9525782592642,-14.3639907851232,14.9877501176356,"chr11:65663000-65663499","RELA"
"188",14.8649109092985,9.70069321804626,15.1652402910469,"chr11:65663000-65663499","RELA"
"189",14.6887428807667,-10.816303676575,15.0139162455607,"chr11:65663000-65663499","RELA"
"190",14.8788830491598,23.391536662046,15.2662177307133,"chr11:65663000-65663499","RELA"
"191",15.1645357779444,14.1281796485789,15.1978954189608,"chr11:65663000-65663499","RELA"
"192",15.3586811994494,6.12505939134375,15.1388680408285,"chr11:65663000-65663499","RELA"
"193",15.1587467775777,-9.71659271061435,15.0220272139003,"chr11:65663000-65663499","RELA"
"194",14.291212612873,-2.68366953776684,15.073898859228,"chr11:65663000-65663499","RELA"
"195",15.3640307501054,27.067026263974,15.2933264717519,"chr11:65663000-65663499","RELA"
"196",15.3741904318381,32.8119746464153,15.3356986003244,"chr11:65663000-65663499","RELA"
"197",14.940839370445,1.90048687046042,15.1077095137013,"chr11:65663000-65663499","RELA"
"198",14.9324903089537,5.94037943098756,15.1375059253657,"chr11:65663000-65663499","RELA"
"199",15.1788606261554,-12.3892612667854,15.0023148251798,"chr11:65663000-65663499","RELA"
"200",14.7260238007614,-3.45965468162329,15.0681755454405,"chr11:65663000-65663499","RELA"
"201",14.399214433232,-7.80074945070974,15.0361576031622,"chr11:65663000-65663499","RELA"
"202",14.7820304462474,-1.62881089859038,15.0816790171876,"chr11:65663000-65663499","RELA"
"203",14.6730002626641,-5.38118604570245,15.0540032033071,"chr11:65663000-65663499","RELA"
"204",15.0432896341328,-13.5683713034134,14.9936182453766,"chr11:65663000-65663499","RELA"
"205",15.3749382297283,-1.84092340198299,15.0801145717536,"chr11:65663000-65663499","RELA"
"206",14.4245120784496,-0.102066616122415,15.0929395892115,"chr11:65663000-65663499","RELA"
"207",14.5996975373555,-10.3942958082677,15.0170287838229,"chr11:65663000-65663499","RELA"
"208",15.1141294356099,-11.9640881564433,15.2453165113439,"chr16:50696500-50696999","NOD2"
"209",15.1729779024408,-19.5314780972655,15.2033140234219,"chr16:50696500-50696999","NOD2"
"210",15.0529963908239,-6.09799615780624,15.2778760147195,"chr16:50696500-50696999","NOD2"
"211",15.4949847591887,-0.430578925863141,15.3093327819398,"chr16:50696500-50696999","NOD2"
"212",15.7241957611678,5.76621169075068,15.3437278144497,"chr16:50696500-50696999","NOD2"
"213",15.7031265813034,-0.619870317375169,15.3082821278242,"chr16:50696500-50696999","NOD2"
"214",15.2883992560199,-9.65621437920252,15.2581262702188,"chr16:50696500-50696999","NOD2"
"215",14.8523665851044,14.4268509412402,15.3917983378878,"chr16:50696500-50696999","NOD2"
"216",16.3180196461579,18.7089392384905,15.4155658935963,"chr16:50696500-50696999","NOD2"
"217",15.2724785422876,-6.14688742225517,15.2776046457586,"chr16:50696500-50696999","NOD2"
"218",15.8168213142093,-1.13335705239925,15.3054320407328,"chr16:50696500-50696999","NOD2"
"219",15.4203597023893,11.7688668874967,15.377045306263,"chr16:50696500-50696999","NOD2"
"220",15.4054112177455,4.01806390099983,15.3340247917432,"chr16:50696500-50696999","NOD2"
"221",15.0094119873665,-6.49736305157246,15.2756593451328,"chr16:50696500-50696999","NOD2"
"222",15.1870877691045,-16.3552142560369,15.2209437457795,"chr16:50696500-50696999","NOD2"
"223",15.3715951601715,20.9800332308753,15.4281715077817,"chr16:50696500-50696999","NOD2"
"224",15.2598070916346,1.61272294322959,15.3206740452748,"chr16:50696500-50696999","NOD2"
"225",15.5478195007786,-0.708225793305526,15.3077917143739,"chr16:50696500-50696999","NOD2"
"226",15.3533136696338,-4.41650690512749,15.2872090519462,"chr16:50696500-50696999","NOD2"
"227",15.4105401152062,13.4602427580542,15.3864332187573,"chr16:50696500-50696999","NOD2"
"228",15.2361245394316,-14.9133793318019,15.2289465914719,"chr16:50696500-50696999","NOD2"
"229",15.0302842870126,-17.4116378328407,15.2150801099853,"chr16:50696500-50696999","NOD2"
"230",15.0202734692168,-5.8599382003319,15.2791973456621,"chr16:50696500-50696999","NOD2"
"231",15.5238446854173,15.7772479568529,15.3992936612135,"chr16:50696500-50696999","NOD2"
"232",15.1448794625739,-12.155495388915,15.2442541133397,"chr16:50696500-50696999","NOD2"
"233",15.1749604104232,-3.77594197723426,15.2907644813422,"chr16:50696500-50696999","NOD2"
"234",15.5181973156602,-6.70388919288965,15.2745130302443,"chr16:50696500-50696999","NOD2"
"235",15.7848267169462,-13.3690573683455,15.2375182872779,"chr16:50696500-50696999","NOD2"
"236",15.5403400265223,9.06127390898907,15.3620169223331,"chr16:50696500-50696999","NOD2"
"237",15.4406256207144,-2.98440013782436,15.295157901902,"chr16:50696500-50696999","NOD2"
"238",15.1854391706941,-15.9099086839385,15.2234153961186,"chr16:50696500-50696999","NOD2"
"239",15.0168037988841,-9.44351971073653,15.2593068232646,"chr16:50696500-50696999","NOD2"
"240",15.4117628778666,-3.6026813236423,15.2917261575036,"chr16:50696500-50696999","NOD2"
"241",15.5630237255295,-13.1063358713071,15.2389765121866,"chr16:50696500-50696999","NOD2"
"242",15.0477713202083,-5.97071986440154,15.278582456573,"chr16:50696500-50696999","NOD2"
"243",15.5969302229199,-5.10500958998633,15.2833875459935,"chr16:50696500-50696999","NOD2"
"244",15.1361997793797,-12.873005909304,15.240271600584,"chr16:50696500-50696999","NOD2"
"245",15.6497593596643,4.7705851673041,15.3382016302101,"chr16:50696500-50696999","NOD2"
"246",15.2904499624275,-11.9172686834966,15.2455763809109,"chr16:50696500-50696999","NOD2"
"247",15.4130496244081,10.7494819606734,15.3713872519785,"chr16:50696500-50696999","NOD2"
"248",15.5869653502425,8.45327377946156,15.3586422425166,"chr16:50696500-50696999","NOD2"
"249",15.4826897392746,31.5600510156118,15.4868954631605,"chr16:50696500-50696999","NOD2"
"250",14.8143243926864,37.4925990011733,15.5198238277695,"chr16:50696500-50696999","NOD2"
"251",15.4892089991431,-1.63093347393473,15.3026702631847,"chr16:50696500-50696999","NOD2"
"252",15.2573359822899,-19.774281663419,15.2019663521727,"chr16:50696500-50696999","NOD2"
"253",15.6098307748027,22.1114990178413,15.4344516622898,"chr16:50696500-50696999","NOD2"
"254",15.6828992186047,7.87017050618887,15.355405751681,"chr16:50696500-50696999","NOD2"
"255",15.2708287682161,-0.222445979512359,15.3104880153338,"chr16:50696500-50696999","NOD2"
"256",14.8270515134293,-14.3639907851232,15.2319959500984,"chr16:50696500-50696999","NOD2"
"257",15.3954107492033,9.70069321804626,15.3655659930188,"chr16:50696500-50696999","NOD2"
"258",15.3132145516144,-10.816303676575,15.2516872420886,"chr16:50696500-50696999","NOD2"
"259",15.579304350514,23.391536662046,15.4415564588063,"chr16:50696500-50696999","NOD2"
"260",15.1447278399342,14.1281796485789,15.3901405751108,"chr16:50696500-50696999","NOD2"
"261",15.4243675742033,6.12505939134375,15.3457195839142,"chr16:50696500-50696999","NOD2"
"262",15.4252550995986,-9.71659271061435,15.2577911427633,"chr16:50696500-50696999","NOD2"
"263",15.0687902079115,-2.68366953776684,15.2968270947803,"chr16:50696500-50696999","NOD2"
"264",15.3640307501054,27.067026263974,15.4619571133014,"chr16:50696500-50696999","NOD2"
"265",15.2366903049787,32.8119746464153,15.4938442139971,"chr16:50696500-50696999","NOD2"
"266",14.6189227431438,1.90048687046042,15.3222712671667,"chr16:50696500-50696999","NOD2"
"267",15.7209667776271,5.94037943098756,15.3446945253583,"chr16:50696500-50696999","NOD2"
"268",15.4957100622429,-12.3892612667854,15.2429566054092,"chr16:50696500-50696999","NOD2"
"269",15.0016489850331,-3.45965468162329,15.2925200210221,"chr16:50696500-50696999","NOD2"
"270",15.0996284705111,-7.80074945070974,15.2684249523084,"chr16:50696500-50696999","NOD2"
"271",15.2149765772481,-1.62881089859038,15.3026820444522,"chr16:50696500-50696999","NOD2"
"272",15.0355580690507,-5.38118604570245,15.2818546398876,"chr16:50696500-50696999","NOD2"
"273",14.5027406735882,-13.5683713034134,15.2364120034447,"chr16:50696500-50696999","NOD2"
"274",15.3009394351962,-1.84092340198299,15.3015047226898,"chr16:50696500-50696999","NOD2"
"275",14.6171489552378,-0.102066616122415,15.3111561760598,"chr16:50696500-50696999","NOD2"
"276",15.4552816325972,-10.3942958082677,15.254029579477,"chr16:50696500-50696999","NOD2"
"277",14.9565928523245,-11.9640881564433,15.0111794012088,"chr19:4831500-4831999","TICAM1"
"278",14.8057802478835,-19.5314780972655,14.9452005887711,"chr19:4831500-4831999","TICAM1"
"279",14.6606922303537,-6.09799615780624,15.0623248802639,"chr19:4831500-4831999","TICAM1"
"280",14.641851341329,-0.430578925863141,15.1117381471203,"chr19:4831500-4831999","TICAM1"
"281",15.2096340103196,5.76621169075068,15.165766932343,"chr19:4831500-4831999","TICAM1"
"282",15.3620968750423,-0.619870317375169,15.1100877470069,"chr19:4831500-4831999","TICAM1"
"283",14.797778740389,-9.65621437920252,15.0313013682634,"chr19:4831500-4831999","TICAM1"
"284",16.1742654167561,14.4268509412402,15.2412776034154,"chr19:4831500-4831999","TICAM1"
"285",14.3180726215813,18.7089392384905,15.2786124180365,"chr19:4831500-4831999","TICAM1"
"286",15.1149414710919,-6.14688742225517,15.0618986054727,"chr19:4831500-4831999","TICAM1"
"287",15.161971158479,-1.13335705239925,15.1056107416927,"chr19:4831500-4831999","TICAM1"
"288",15.4559828097032,11.7688668874967,15.2181030831759,"chr19:4831500-4831999","TICAM1"
"289",14.7514261375807,4.01806390099983,15.150525122943,"chr19:4831500-4831999","TICAM1"
"290",14.8613180771548,-6.49736305157246,15.0588428668374,"chr19:4831500-4831999","TICAM1"
"291",15.1421251053186,-16.3552142560369,14.9728939041509,"chr19:4831500-4831999","TICAM1"
"292",15.0720427313928,20.9800332308753,15.2984137082731,"chr19:4831500-4831999","TICAM1"
"293",15.0847251298169,1.61272294322959,15.129553355776,"chr19:4831500-4831999","TICAM1"
"294",15.7354428311212,-0.708225793305526,15.1093173903291,"chr19:4831500-4831999","TICAM1"
"295",14.9865413153697,-4.41650690512749,15.0769855049821,"chr19:4831500-4831999","TICAM1"
"296",15.4105401152062,13.4602427580542,15.2328499076686,"chr19:4831500-4831999","TICAM1"
"297",14.9894915410602,-14.9133793318019,14.9854650226972,"chr19:4831500-4831999","TICAM1"
"298",15.1062309293217,-17.4116378328407,14.9636831229471,"chr19:4831500-4831999","TICAM1"
"299",15.1901936469635,-5.8599382003319,15.0644004679432,"chr19:4831500-4831999","TICAM1"
"300",15.1405253655338,15.7772479568529,15.2530514900667,"chr19:4831500-4831999","TICAM1"
"301",15.0433443397194,-12.155495388915,15.0095105534305,"chr19:4831500-4831999","TICAM1"
"302",14.4380208155237,-3.77594197723426,15.0825704838932,"chr19:4831500-4831999","TICAM1"
"303",14.8988178026045,-6.70388919288965,15.0570421998111,"chr19:4831500-4831999","TICAM1"
"304",15.3849042732932,-13.3690573683455,14.9989297086678,"chr19:4831500-4831999","TICAM1"
"305",15.3850652412378,9.06127390898907,15.1944960309844,"chr19:4831500-4831999","TICAM1"
"306",15.6261773586726,-2.98440013782436,15.0894718053484,"chr19:4831500-4831999","TICAM1"
"307",15.2923516091069,-15.9099086839385,14.9767764492621,"chr19:4831500-4831999","TICAM1"
"308",15.1286934313601,-9.44351971073653,15.0331558176504,"chr19:4831500-4831999","TICAM1"
"309",15.2796625154164,-3.6026813236423,15.0840811146728,"chr19:4831500-4831999","TICAM1"
"310",14.8063154291281,-13.1063358713071,15.0012203336405,"chr19:4831500-4831999","TICAM1"
"311",14.5883556740699,-5.97071986440154,15.0634345810664,"chr19:4831500-4831999","TICAM1"
"312",15.383531225405,-5.10500958998633,15.0709825647527,"chr19:4831500-4831999","TICAM1"
"313",15.6386883371432,-12.873005909304,15.0032546987148,"chr19:4831500-4831999","TICAM1"
"314",15.290224915194,4.7705851673041,15.1570862305208,"chr19:4831500-4831999","TICAM1"
"315",15.027422756376,-11.9172686834966,15.011587612395,"chr19:4831500-4831999","TICAM1"
"316",15.7666793907008,10.7494819606734,15.209215235792,"chr19:4831500-4831999","TICAM1"
"317",15.101550247419,8.45327377946156,15.1891949791261,"chr19:4831500-4831999","TICAM1"
"318",15.1265547512558,31.5600510156118,15.3906591210859,"chr19:4831500-4831999","TICAM1"
"319",15.5798385198996,37.4925990011733,15.4423840188218,"chr19:4831500-4831999","TICAM1"
"320",15.4544443460046,-1.63093347393473,15.1012724557518,"chr19:4831500-4831999","TICAM1"
"321",15.1368588145742,-19.774281663419,14.9430836249202,"chr19:4831500-4831999","TICAM1"
"322",15.6725653024865,22.1114990178413,15.3082787700079,"chr19:4831500-4831999","TICAM1"
"323",15.2234778844199,7.87017050618887,15.1841109988106,"chr19:4831500-4831999","TICAM1"
"324",15.3739197444921,-0.222445979512359,15.113552823612,"chr19:4831500-4831999","TICAM1"
"325",13.9526237573497,-14.3639907851232,14.9902550499272,"chr19:4831500-4831999","TICAM1"
"326",15.1100158525323,9.70069321804626,15.2000710214357,"chr19:4831500-4831999","TICAM1"
"327",14.9617519563692,-10.816303676575,15.0211867429089,"chr19:4831500-4831999","TICAM1"
"328",15.4638295886792,23.391536662046,15.3194392050193,"chr19:4831500-4831999","TICAM1"
"329",15.3661645153562,14.1281796485789,15.2386735381627,"chr19:4831500-4831999","TICAM1"
"330",15.4912856792523,6.12505939134375,15.1688956656733,"chr19:4831500-4831999","TICAM1"
"331",15.2981462016057,-9.71659271061435,15.0307749396487,"chr19:4831500-4831999","TICAM1"
"332",15.4838172127743,-2.68366953776684,15.0920938253594,"chr19:4831500-4831999","TICAM1"
"333",15.1713905591553,27.067026263974,15.3514851866535,"chr19:4831500-4831999","TICAM1"
"334",14.4997496210985,32.8119746464153,15.4015744346972,"chr19:4831500-4831999","TICAM1"
"335",15.1214062195442,1.90048687046042,15.1320623215263,"chr19:4831500-4831999","TICAM1"
"336",15.5605052479142,5.94037943098756,15.16728547186,"chr19:4831500-4831999","TICAM1"
"337",14.2528962117407,-12.3892612667854,15.0074723876783,"chr19:4831500-4831999","TICAM1"
"338",15.1219397005653,-3.45965468162329,15.0853281401415,"chr19:4831500-4831999","TICAM1"
"339",14.8586278418506,-7.80074945070974,15.0474788579208,"chr19:4831500-4831999","TICAM1"
"340",14.7820304462474,-1.62881089859038,15.1012909621327,"chr19:4831500-4831999","TICAM1"
"341",15.3250568761016,-5.38118604570245,15.0685746282364,"chr19:4831500-4831999","TICAM1"
"342",14.291246380919,-13.5683713034134,14.9971919236665,"chr19:4831500-4831999","TICAM1"
"343",15.8078888347777,-1.84092340198299,15.0994415885459,"chr19:4831500-4831999","TICAM1"
"344",14.9390655684309,-0.102066616122415,15.1146023912305,"chr19:4831500-4831999","TICAM1"
"345",14.3773148004686,-10.3942958082677,15.0248661592213,"chr19:4831500-4831999","TICAM1"
"346",8.67468008251912,-11.9640881564433,9.63747813291477,"chrX:154546000-154546499","IKBKG"
"347",0,-19.5314780972655,9.44620609054362,"chrX:154546000-154546499","IKBKG"
"348",10.2467868826725,-6.09799615780624,9.78574846206268,"chrX:154546000-154546499","IKBKG"
"349",0,-0.430578925863141,9.9289971220895,"chrX:154546000-154546499","IKBKG"
"350",11.6657195502372,5.76621169075068,10.0856261324425,"chrX:154546000-154546499","IKBKG"
"351",0,-0.619870317375169,9.92421262554037,"chrX:154546000-154546499","IKBKG"
"352",8.4979434725393,-9.65621437920252,9.6958115522786,"chrX:154546000-154546499","IKBKG"
"353",11.8527079456699,14.4268509412402,10.3045309557217,"chrX:154546000-154546499","IKBKG"
"354",0,18.7089392384905,10.4127642806374,"chrX:154546000-154546499","IKBKG"
"355",0,-6.14688742225517,9.78451269489879,"chrX:154546000-154546499","IKBKG"
"356",9.60919136250668,-1.13335705239925,9.91123382342939,"chrX:154546000-154546499","IKBKG"
"357",0,11.7688668874967,10.2373482094215,"chrX:154546000-154546499","IKBKG"
"358",8.66746355908543,4.01806390099983,10.0414402505562,"chrX:154546000-154546499","IKBKG"
"359",9.65360857314609,-6.49736305157246,9.77565413336766,"chrX:154546000-154546499","IKBKG"
"360",9.24561055850203,-16.3552142560369,9.52648878732182,"chrX:154546000-154546499","IKBKG"
"361",11.3721055214942,20.9800332308753,10.4701680605057,"chrX:154546000-154546499","IKBKG"
"362",11.1311306818241,1.61272294322959,9.98064326755557,"chrX:154546000-154546499","IKBKG"
"363",10.3789482162146,-0.708225793305526,9.92197936777673,"chrX:154546000-154546499","IKBKG"
"364",0,-4.41650690512749,9.82824949426799,"chrX:154546000-154546499","IKBKG"
"365",0,13.4602427580542,10.2800991340743,"chrX:154546000-154546499","IKBKG"
"366",9.10941846778064,-14.9133793318019,9.56293235807436,"chrX:154546000-154546499","IKBKG"
"367",8.82397474163578,-17.4116378328407,9.49978680728319,"chrX:154546000-154546499","IKBKG"
"368",0,-5.8599382003319,9.79176557391828,"chrX:154546000-154546499","IKBKG"
"369",10.6178418507027,15.7772479568529,10.3386633576738,"chrX:154546000-154546499","IKBKG"
"370",8.46243496461513,-12.155495388915,9.63264015673463,"chrX:154546000-154546499","IKBKG"
"371",0,-3.77594197723426,9.84444030285425,"chrX:154546000-154546499","IKBKG"
"372",9.79187455843777,-6.70388919288965,9.77043401425636,"chrX:154546000-154546499","IKBKG"
"373",9.21737123863399,-13.3690573683455,9.60196637354586,"chrX:154546000-154546499","IKBKG"
"374",9.34286085981683,9.06127390898907,10.168911556499,"chrX:154546000-154546499","IKBKG"
"375",9.76982137594917,-2.98440013782436,9.86444717780455,"chrX:154546000-154546499","IKBKG"
"376",11.1636616713362,-15.9099086839385,9.53774425412352,"chrX:154546000-154546499","IKBKG"
"377",9.06525963031422,-9.44351971073653,9.70118758601772,"chrX:154546000-154546499","IKBKG"
"378",0,-3.6026813236423,9.84881960923786,"chrX:154546000-154546499","IKBKG"
"379",0,-13.1063358713071,9.60860687677172,"chrX:154546000-154546499","IKBKG"
"380",0,-5.97071986440154,9.78896547569292,"chrX:154546000-154546499","IKBKG"
"381",9.27729992628005,-5.10500958998633,9.81084701920845,"chrX:154546000-154546499","IKBKG"
"382",10.5521583930592,-12.873005909304,9.61450448462961,"chrX:154546000-154546499","IKBKG"
"383",9.56417548694166,4.7705851673041,10.0604608482338,"chrX:154546000-154546499","IKBKG"
"384",9.12307862866428,-11.9172686834966,9.63866153383414,"chrX:154546000-154546499","IKBKG"
"385",10.2442814759903,10.7494819606734,10.2115824119086,"chrX:154546000-154546499","IKBKG"
"386",10.9729441499151,8.45327377946156,10.1535438501371,"chrX:154546000-154546499","IKBKG"
"387",10.483666156054,31.5600510156118,10.7375867644227,"chrX:154546000-154546499","IKBKG"
"388",10.4933474039024,37.4925990011733,10.887536823629,"chrX:154546000-154546499","IKBKG"
"389",0,-1.63093347393473,9.89865716765678,"chrX:154546000-154546499","IKBKG"
"390",8.86379444693482,-19.774281663419,9.44006902950191,"chrX:154546000-154546499","IKBKG"
"391",10.1192465245189,22.1114990178413,10.4987667944996,"chrX:154546000-154546499","IKBKG"
"392",0,7.87017050618887,10.1388054324179,"chrX:154546000-154546499","IKBKG"
"393",0,-0.222445979512359,9.93425785452758,"chrX:154546000-154546499","IKBKG"
"394",0,-14.3639907851232,9.57681860818177,"chrX:154546000-154546499","IKBKG"
"395",9.11258364861915,9.70069321804626,10.1850734086213,"chrX:154546000-154546499","IKBKG"
"396",0,-10.816303676575,9.66648933537468,"chrX:154546000-154546499","IKBKG"
"397",0,23.391536662046,10.5311208051207,"chrX:154546000-154546499","IKBKG"
"398",8.3874514690768,14.1281796485789,10.2969817916649,"chrX:154546000-154546499","IKBKG"
"399",9.03049146107893,6.12505939134375,10.0946963050026,"chrX:154546000-154546499","IKBKG"
"400",9.05290175204784,-9.71659271061435,9.69428543999228,"chrX:154546000-154546499","IKBKG"
"401",0,-2.68366953776684,9.87204839255975,"chrX:154546000-154546499","IKBKG"
"402",0,27.067026263974,10.6240218460836,"chrX:154546000-154546499","IKBKG"
"403",0,32.8119746464153,10.7692301700922,"chrX:154546000-154546499","IKBKG"
"404",0,1.90048687046042,9.98791673892583,"chrX:154546000-154546499","IKBKG"
"405",0,5.94037943098756,10.0900283661916,"chrX:154546000-154546499","IKBKG"
"406",9.34814703141123,-12.3892612667854,9.6267315307425,"chrX:154546000-154546499","IKBKG"
"407",11.4785487163698,-3.45965468162329,9.85243472596191,"chrX:154546000-154546499","IKBKG"
"408",0,-7.80074945070974,9.74270996364582,"chrX:154546000-154546499","IKBKG"
"409",11.4605631520578,-1.62881089859038,9.89871081750493,"chrX:154546000-154546499","IKBKG"
"410",11.8659766720958,-5.38118604570245,9.80386643076875,"chrX:154546000-154546499","IKBKG"
"411",0,-13.5683713034134,9.59692854891523,"chrX:154546000-154546499","IKBKG"
"412",0,-1.84092340198299,9.89334949846975,"chrX:154546000-154546499","IKBKG"
"413",0,-0.102066616122415,9.93730054254485,"chrX:154546000-154546499","IKBKG"
"414",11.2079320244769,-10.3942958082677,9.67715593343545,"chrX:154546000-154546499","IKBKG"
"415",15.4655930106665,-11.9640881564433,15.9068244685755,"chr4:102827000-102827499","UBE2D3, UBE2D3-AS1"
"416",15.8469770148305,-19.5314780972655,15.8538094581033,"chr4:102827000-102827499","UBE2D3, UBE2D3-AS1"
"417",15.5795292278685,-6.09799615780624,15.9479206630587,"chr4:102827000-102827499","UBE2D3, UBE2D3-AS1"
"418",15.4949847591887,-0.430578925863141,15.9876249978758,"chr4:102827000-102827499","UBE2D3, UBE2D3-AS1"
"419",15.9132263125757,5.76621169075068,16.0310379740807,"chr4:102827000-102827499","UBE2D3, UBE2D3-AS1"
"420",16.3378324915478,-0.619870317375169,15.9862988755031,"chr4:102827000-102827499","UBE2D3, UBE2D3-AS1"
"421",15.8948504536381,-9.65621437920252,15.9229927846561,"chr4:102827000-102827499","UBE2D3, UBE2D3-AS1"
"422",15.8523421991159,14.4268509412402,16.0917119824444,"chr4:102827000-102827499","UBE2D3, UBE2D3-AS1"
"423",16.7774464487511,18.7089392384905,16.1217110914763,"chr4:102827000-102827499","UBE2D3, UBE2D3-AS1"
"424",16.0291925135496,-6.14688742225517,15.9475781445792,"chr4:102827000-102827499","UBE2D3, UBE2D3-AS1"
"425",16.1923247214837,-1.13335705239925,15.9827015315249,"chr4:102827000-102827499","UBE2D3, UBE2D3-AS1"
"426",16.3078698572592,11.7688668874967,16.0730908920095,"chr4:102827000-102827499","UBE2D3, UBE2D3-AS1"
"427",16.131536634919,4.01806390099983,16.018790941206,"chr4:102827000-102827499","UBE2D3, UBE2D3-AS1"
"428",15.8806588437357,-6.49736305157246,15.9451228106657,"chr4:102827000-102827499","UBE2D3, UBE2D3-AS1"
"429",15.8164833239907,-16.3552142560369,15.876061471297,"chr4:102827000-102827499","UBE2D3, UBE2D3-AS1"
"430",15.6195173004303,20.9800332308753,16.1376217387049,"chr4:102827000-102827499","UBE2D3, UBE2D3-AS1"
"431",16.0847043714623,1.61272294322959,16.0019397974084,"chr4:102827000-102827499","UBE2D3, UBE2D3-AS1"
"432",15.8697415722147,-0.708225793305526,15.9856798818318,"chr4:102827000-102827499","UBE2D3, UBE2D3-AS1"
"433",15.7158760903155,-4.41650690512749,15.9597007049274,"chr4:102827000-102827499","UBE2D3, UBE2D3-AS1"
"434",16.0734929243841,13.4602427580542,16.0849401967488,"chr4:102827000-102827499","UBE2D3, UBE2D3-AS1"
"435",16.2257640393488,-14.9133793318019,15.886162562189,"chr4:102827000-102827499","UBE2D3, UBE2D3-AS1"
"436",16.3443671031414,-17.4116378328407,15.8686604641564,"chr4:102827000-102827499","UBE2D3, UBE2D3-AS1"
"437",15.9110243999895,-5.8599382003319,15.9495884303084,"chr4:102827000-102827499","UBE2D3, UBE2D3-AS1"
"438",16.2607980307854,15.7772479568529,16.1011724850066,"chr4:102827000-102827499","UBE2D3, UBE2D3-AS1"
"439",15.9421778053399,-12.155495388915,15.9054835232147,"chr4:102827000-102827499","UBE2D3, UBE2D3-AS1"
"440",16.0229399838733,-3.77594197723426,15.964188323066,"chr4:102827000-102827499","UBE2D3, UBE2D3-AS1"
"441",15.8346649252066,-6.70388919288965,15.943675946472,"chr4:102827000-102827499","UBE2D3, UBE2D3-AS1"
"442",15.7385338979725,-13.3690573683455,15.8969816485193,"chr4:102827000-102827499","UBE2D3, UBE2D3-AS1"
"443",16.1544383779689,9.06127390898907,16.0541222553682,"chr4:102827000-102827499","UBE2D3, UBE2D3-AS1"
"444",15.9179382601435,-2.98440013782436,15.9697336430818,"chr4:102827000-102827499","UBE2D3, UBE2D3-AS1"
"445",15.7480213559636,-15.9099086839385,15.8791811571798,"chr4:102827000-102827499","UBE2D3, UBE2D3-AS1"
"446",16.2720355665794,-9.44351971073653,15.9244828638201,"chr4:102827000-102827499","UBE2D3, UBE2D3-AS1"
"447",16.1010494671112,-3.6026813236423,15.9654021385872,"chr4:102827000-102827499","UBE2D3, UBE2D3-AS1"
"448",15.9483068966797,-13.1063358713071,15.8988222016064,"chr4:102827000-102827499","UBE2D3, UBE2D3-AS1"
"449",16.1732791305926,-5.97071986440154,15.9488123250559,"chr4:102827000-102827499","UBE2D3, UBE2D3-AS1"
"450",15.8295866442866,-5.10500958998633,15.9548772483151,"chr4:102827000-102827499","UBE2D3, UBE2D3-AS1"
"451",16.0430716796219,-12.873005909304,15.9004568458465,"chr4:102827000-102827499","UBE2D3, UBE2D3-AS1"
"452",16.0541427549863,4.7705851673041,16.024062894036,"chr4:102827000-102827499","UBE2D3, UBE2D3-AS1"
"453",16.2702543343941,-11.9172686834966,15.9071524726651,"chr4:102827000-102827499","UBE2D3, UBE2D3-AS1"
"454",16.3091985140563,10.7494819606734,16.0659493672574,"chr4:102827000-102827499","UBE2D3, UBE2D3-AS1"
"455",16.1620704284866,8.45327377946156,16.0498627770691,"chr4:102827000-102827499","UBE2D3, UBE2D3-AS1"
"456",16.0676417372986,31.5600510156118,16.2117423744908,"chr4:102827000-102827499","UBE2D3, UBE2D3-AS1"
"457",16.3503444849783,37.4925990011733,16.2533041409706,"chr4:102827000-102827499","UBE2D3, UBE2D3-AS1"
"458",16.3448050576179,-1.63093347393473,15.9792156507384,"chr4:102827000-102827499","UBE2D3, UBE2D3-AS1"
"459",15.9132857943006,-19.774281663419,15.8521084444509,"chr4:102827000-102827499","UBE2D3, UBE2D3-AS1"
"460",16.3847522294682,22.1114990178413,16.1455484705125,"chr4:102827000-102827499","UBE2D3, UBE2D3-AS1"
"461",15.7259671338698,7.87017050618887,16.0457777191587,"chr4:102827000-102827499","UBE2D3, UBE2D3-AS1"
"462",15.5159355641748,-0.222445979512359,15.9890831188946,"chr4:102827000-102827499","UBE2D3, UBE2D3-AS1"
"463",16.0680309771207,-14.3639907851232,15.8900114241854,"chr4:102827000-102827499","UBE2D3, UBE2D3-AS1"
"464",16.1868099942954,9.70069321804626,16.0586018476228,"chr4:102827000-102827499","UBE2D3, UBE2D3-AS1"
"465",15.3891615876453,-10.816303676575,15.9148655245665,"chr4:102827000-102827499","UBE2D3, UBE2D3-AS1"
"466",16.3382841962587,23.391536662046,16.1545160550619,"chr4:102827000-102827499","UBE2D3, UBE2D3-AS1"
"467",16.0306167599546,14.1281796485789,16.0896195751769,"chr4:102827000-102827499","UBE2D3, UBE2D3-AS1"
"468",16.0639246572067,6.12505939134375,16.0335519603763,"chr4:102827000-102827499","UBE2D3, UBE2D3-AS1"
"469",16.2596546338349,-9.71659271061435,15.9225697910088,"chr4:102827000-102827499","UBE2D3, UBE2D3-AS1"
"470",15.571278202061,-2.68366953776684,15.971840477279,"chr4:102827000-102827499","UBE2D3, UBE2D3-AS1"
"471",15.8234530389842,27.067026263974,16.1802655038495,"chr4:102827000-102827499","UBE2D3, UBE2D3-AS1"
"472",16.4383030462211,32.8119746464153,16.2205130001513,"chr4:102827000-102827499","UBE2D3, UBE2D3-AS1"
"473",15.7888158899551,1.90048687046042,16.0039557907344,"chr4:102827000-102827499","UBE2D3, UBE2D3-AS1"
"474",15.7209667776271,5.94037943098756,16.0322581443963,"chr4:102827000-102827499","UBE2D3, UBE2D3-AS1"
"475",15.8378094471303,-12.3892612667854,15.9038458250704,"chr4:102827000-102827499","UBE2D3, UBE2D3-AS1"
"476",16.0326534240035,-3.45965468162329,15.9664041431071,"chr4:102827000-102827499","UBE2D3, UBE2D3-AS1"
"477",16.0430252189323,-7.80074945070974,15.935991651291,"chr4:102827000-102827499","UBE2D3, UBE2D3-AS1"
"478",15.9519269983786,-1.62881089859038,15.9792305209057,"chr4:102827000-102827499","UBE2D3, UBE2D3-AS1"
"479",15.5660595685579,-5.38118604570245,15.9529424335631,"chr4:102827000-102827499","UBE2D3, UBE2D3-AS1"
"480",16.0205485335317,-13.5683713034134,15.8955853110189,"chr4:102827000-102827499","UBE2D3, UBE2D3-AS1"
"481",16.007194397927,-1.84092340198299,15.9777445202269,"chr4:102827000-102827499","UBE2D3, UBE2D3-AS1"
"482",16.0094308391429,-0.102066616122415,15.9899264629354,"chr4:102827000-102827499","UBE2D3, UBE2D3-AS1"
"483",15.7923099298004,-10.3942958082677,15.917821993274,"chr4:102827000-102827499","UBE2D3, UBE2D3-AS1"
"484",13.3151430094532,-11.9640881564433,13.0531939073706,"chr21:29090000-29090499","MAP3K7CL"
"485",13.341200633158,-19.5314780972655,13.1534781149103,"chr21:29090000-29090499","MAP3K7CL"
"486",12.7483090614835,-6.09799615780624,12.9754555600622,"chr21:29090000-29090499","MAP3K7CL"
"487",13.147189252556,-0.430578925863141,12.9003500811128,"chr21:29090000-29090499","MAP3K7CL"
"488",11.6657195502372,5.76621169075068,12.8182292651992,"chr21:29090000-29090499","MAP3K7CL"
"489",13.2626737488842,-0.619870317375169,12.9028585995505,"chr21:29090000-29090499","MAP3K7CL"
"490",12.8160755036805,-9.65621437920252,13.0226096115088,"chr21:29090000-29090499","MAP3K7CL"
"491",0,14.4268509412402,12.7034571507959,"chr21:29090000-29090499","MAP3K7CL"
"492",14.3180726215813,18.7089392384905,12.6467102625209,"chr21:29090000-29090499","MAP3K7CL"
"493",12.7366005925901,-6.14688742225517,12.9761034745676,"chr21:29090000-29090499","MAP3K7CL"
"494",12.7774734514191,-1.13335705239925,12.9096634042066,"chr21:29090000-29090499","MAP3K7CL"
"495",13.2684699235399,11.7688668874967,12.7386811615271,"chr21:29090000-29090499","MAP3K7CL"
"496",13.1876275868863,4.01806390099983,12.8413959867674,"chr21:29090000-29090499","MAP3K7CL"
"497",13.0443044578854,-6.49736305157246,12.9807480311483,"chr21:29090000-29090499","MAP3K7CL"
"498",12.3589838058338,-16.3552142560369,13.1113857812596,"chr21:29090000-29090499","MAP3K7CL"
"499",11.3721055214942,20.9800332308753,12.6166133779867,"chr21:29090000-29090499","MAP3K7CL"
"500",13.3005553018624,1.61272294322959,12.8732719325954,"chr21:29090000-29090499","MAP3K7CL"
"501",12.9630075781676,-0.708225793305526,12.9040294998153,"chr21:29090000-29090499","MAP3K7CL"
"502",13.3236725865491,-4.41650690512749,12.9531722076104,"chr21:29090000-29090499","MAP3K7CL"
"503",11.8259419299138,13.4602427580542,12.7162667901048,"chr21:29090000-29090499","MAP3K7CL"
"504",13.1069676758472,-14.9133793318019,13.0922783645795,"chr21:29090000-29090499","MAP3K7CL"
"505",12.5214729247487,-17.4116378328407,13.1253856678855,"chr21:29090000-29090499","MAP3K7CL"
"506",13.6053083234374,-5.8599382003319,12.9723007796424,"chr21:29090000-29090499","MAP3K7CL"
"507",12.6171531182035,15.7772479568529,12.6855614832495,"chr21:29090000-29090499","MAP3K7CL"
"508",13.7438464999615,-12.155495388915,13.055730465256,"chr21:29090000-29090499","MAP3K7CL"
"509",14.4380208155237,-3.77594197723426,12.9446833433291,"chr21:29090000-29090499","MAP3K7CL"
"510",12.1125000486971,-6.70388919288965,12.9834849471233,"chr21:29090000-29090499","MAP3K7CL"
"511",13.0224738744165,-13.3690573683455,13.071812773999,"chr21:29090000-29090499","MAP3K7CL"
"512",12.7331667354588,9.06127390898907,12.7745625973079,"chr21:29090000-29090499","MAP3K7CL"
"513",13.0902613721825,-2.98440013782436,12.9341937099521,"chr21:29090000-29090499","MAP3K7CL"
"514",12.8636659355495,-15.9099086839385,13.1054845237903,"chr21:29090000-29090499","MAP3K7CL"
"515",13.5862432335876,-9.44351971073653,13.0197909492696,"chr21:29090000-29090499","MAP3K7CL"
"516",12.6749848138357,-3.6026813236423,12.9423872666792,"chr21:29090000-29090499","MAP3K7CL"
"517",13.5333682670514,-13.1063358713071,13.0683311485852,"chr21:29090000-29090499","MAP3K7CL"
"518",13.1734157806644,-5.97071986440154,12.9737688751784,"chr21:29090000-29090499","MAP3K7CL"
"519",13.182018858119,-5.10500958998633,12.9622963503703,"chr21:29090000-29090499","MAP3K7CL"
"520",13.0108036424459,-12.873005909304,13.0652390242838,"chr21:29090000-29090499","MAP3K7CL"
"521",12.1475489699564,4.7705851673041,12.8314234599863,"chr21:29090000-29090499","MAP3K7CL"
"522",13.5129298072612,-11.9172686834966,13.0525734485627,"chr21:29090000-29090499","MAP3K7CL"
"523",13.0506165270595,10.7494819606734,12.7521902063053,"chr21:29090000-29090499","MAP3K7CL"
"524",11.9725852170405,8.45327377946156,12.7826199079064,"chr21:29090000-29090499","MAP3K7CL"
"525",12.4829102782533,31.5600510156118,12.4764053660307,"chr21:29090000-29090499","MAP3K7CL"
"526",12.4925965827767,37.4925990011733,12.3977863338313,"chr21:29090000-29090499","MAP3K7CL"
"527",12.4190517603854,-1.63093347393473,12.9162573629578,"chr21:29090000-29090499","MAP3K7CL"
"528",12.6422797645279,-19.774281663419,13.1566957848613,"chr21:29090000-29090499","MAP3K7CL"
"529",11.1185978222131,22.1114990178413,12.6016190205277,"chr21:29090000-29090499","MAP3K7CL"
"530",12.2237418269464,7.87017050618887,12.7903472815625,"chr21:29090000-29090499","MAP3K7CL"
"531",12.8380299165671,-0.222445979512359,12.897591871512,"chr21:29090000-29090499","MAP3K7CL"
"532",13.3677067532792,-14.3639907851232,13.0849977836307,"chr21:29090000-29090499","MAP3K7CL"
"533",12.9175164635262,9.70069321804626,12.7660889149424,"chr21:29090000-29090499","MAP3K7CL"
"534",12.1040534986147,-10.816303676575,13.0379832921004,"chr21:29090000-29090499","MAP3K7CL"
"535",12.8790266920297,23.391536662046,12.5846557661198,"chr21:29090000-29090499","MAP3K7CL"
"536",12.3376118488598,14.1281796485789,12.7074151883932,"chr21:29090000-29090499","MAP3K7CL"
"537",12.8092907113272,6.12505939134375,12.813473760651,"chr21:29090000-29090499","MAP3K7CL"
"538",13.4426298893657,-9.71659271061435,13.0234097543804,"chr21:29090000-29090499","MAP3K7CL"
"539",11.4842893859364,-2.68366953776684,12.9302083820986,"chr21:29090000-29090499","MAP3K7CL"
"540",12.9491414822282,27.067026263974,12.5359476164232,"chr21:29090000-29090499","MAP3K7CL"
"541",13.4998118949318,32.8119746464153,12.4598146828233,"chr21:29090000-29090499","MAP3K7CL"
"542",13.8413561194009,1.90048687046042,12.8694584410711,"chr21:29090000-29090499","MAP3K7CL"
"543",12.4732662907769,5.94037943098756,12.8159211676986,"chr21:29090000-29090499","MAP3K7CL"
"544",13.1534449891302,-12.3892612667854,13.0588283663811,"chr21:29090000-29090499","MAP3K7CL"
"545",12.4782959058601,-3.45965468162329,12.9404918557695,"chr21:29090000-29090499","MAP3K7CL"
"546",13.7211825893514,-7.80074945070974,12.9980207068234,"chr21:29090000-29090499","MAP3K7CL"
"547",13.0451843330621,-1.62881089859038,12.9162292342651,"chr21:29090000-29090499","MAP3K7CL"
"548",13.8656867612043,-5.38118604570245,12.965956282952,"chr21:29090000-29090499","MAP3K7CL"
"549",12.8507971412908,-13.5683713034134,13.0744541127151,"chr21:29090000-29090499","MAP3K7CL"
"550",13.053145933819,-1.84092340198299,12.9190401815637,"chr21:29090000-29090499","MAP3K7CL"
"551",12.6173211696866,-0.102066616122415,12.8959965857984,"chr21:29090000-29090499","MAP3K7CL"
"552",13.3773825897958,-10.3942958082677,13.0323907793609,"chr21:29090000-29090499","MAP3K7CL"
"553",13.8806942757053,-11.9640881564433,13.9928186972661,"chrX:154019500-154019999","IRAK1, MIR718"
"554",14.3696989113767,-19.5314780972655,13.9252817040551,"chrX:154019500-154019999","IRAK1, MIR718"
"555",13.9461301548252,-6.09799615780624,14.0451720474417,"chrX:154019500-154019999","IRAK1, MIR718"
"556",13.9356181862468,-0.430578925863141,14.0957522768353,"chrX:154019500-154019999","IRAK1, MIR718"
"557",14.2503119523164,5.76621169075068,14.1510570264355,"chrX:154019500-154019999","IRAK1, MIR718"
"558",14.0402201615756,-0.619870317375169,14.094062900244,"chrX:154019500-154019999","IRAK1, MIR718"
"559",14.2219432948648,-9.65621437920252,14.0134158723614,"chrX:154019500-154019999","IRAK1, MIR718"
"560",13.4374103694771,14.4268509412402,14.2283509862866,"chrX:154019500-154019999","IRAK1, MIR718"
"561",15.3180373048485,18.7089392384905,14.2665675141148,"chrX:154019500-154019999","IRAK1, MIR718"
"562",14.3214221625912,-6.14688742225517,14.0447357055826,"chrX:154019500-154019999","IRAK1, MIR718"
"563",14.066858642888,-1.13335705239925,14.0894801642665,"chrX:154019500-154019999","IRAK1, MIR718"
"564",14.0053770338648,11.7688668874967,14.2046291677472,"chrX:154019500-154019999","IRAK1, MIR718"
"565",13.9859280050613,4.01806390099983,14.1354552606574,"chrX:154019500-154019999","IRAK1, MIR718"
"566",13.8613665462293,-6.49736305157246,14.0416078014594,"chrX:154019500-154019999","IRAK1, MIR718"
"567",14.2632048610817,-16.3552142560369,13.9536290353224,"chrX:154019500-154019999","IRAK1, MIR718"
"568",14.3716291898772,20.9800332308753,14.2868364391662,"chrX:154019500-154019999","IRAK1, MIR718"
"569",14.7155034290535,1.61272294322959,14.1139882162464,"chrX:154019500-154019999","IRAK1, MIR718"
"570",13.9629172331875,-0.708225793305526,14.0932743505294,"chrX:154019500-154019999","IRAK1, MIR718"
"571",13.546044905184,-4.41650690512749,14.0601789030591,"chrX:154019500-154019999","IRAK1, MIR718"
"572",14.2041325527832,13.4602427580542,14.2197242588659,"chrX:154019500-154019999","IRAK1, MIR718"
"573",14.0610848590717,-14.9133793318019,13.966497038194,"chrX:154019500-154019999","IRAK1, MIR718"
"574",14.1062718308703,-17.4116378328407,13.9442007288002,"chrX:154019500-154019999","IRAK1, MIR718"
"575",14.3895310859184,-5.8599382003319,14.0472966529904,"chrX:154019500-154019999","IRAK1, MIR718"
"576",14.0764385997892,15.7772479568529,14.240402929531,"chrX:154019500-154019999","IRAK1, MIR718"
"577",13.7438464999615,-12.155495388915,13.9911104373428,"chrX:154019500-154019999","IRAK1, MIR718"
"578",14.8530420653158,-3.77594197723426,14.0658957789601,"chrX:154019500-154019999","IRAK1, MIR718"
"579",14.2821716292706,-6.70388919288965,14.0397646091945,"chrX:154019500-154019999","IRAK1, MIR718"
"580",14.1219170713509,-13.3690573683455,13.9802797113187,"chrX:154019500-154019999","IRAK1, MIR718"
"581",14.148071797729,9.06127390898907,14.1804646024165,"chrX:154019500-154019999","IRAK1, MIR718"
"582",14.0901786550122,-2.98440013782436,14.0729600846524,"chrX:154019500-154019999","IRAK1, MIR718"
"583",13.9704774405841,-15.9099086839385,13.9576032720982,"chrX:154019500-154019999","IRAK1, MIR718"
"584",14.2720902576929,-9.44351971073653,14.0153141171317,"chrX:154019500-154019999","IRAK1, MIR718"
"585",14.1773424000757,-3.6026813236423,14.0674420853718,"chrX:154019500-154019999","IRAK1, MIR718"
"586",14.1182902066843,-13.1063358713071,13.9826244325635,"chrX:154019500-154019999","IRAK1, MIR718"
"587",13.9103189078324,-5.97071986440154,14.0463079553611,"chrX:154019500-154019999","IRAK1, MIR718"
"588",14.3194377053941,-5.10500958998633,14.054034195106,"chrX:154019500-154019999","IRAK1, MIR718"
"589",14.195130324303,-12.873005909304,13.9847068419785,"chrX:154019500-154019999","IRAK1, MIR718"
"590",14.5165263224553,4.7705851673041,14.1421713178516,"chrX:154019500-154019999","IRAK1, MIR718"
"591",13.5129298072612,-11.9172686834966,13.9932365489232,"chrX:154019500-154019999","IRAK1, MIR718"
"592",14.3306244200831,10.7494819606734,14.1955314215731,"chrX:154019500-154019999","IRAK1, MIR718"
"593",13.9723159587693,8.45327377946156,14.1750383588978,"chrX:154019500-154019999","IRAK1, MIR718"
"594",14.3896160434813,31.5600510156118,14.3812603547947,"chrX:154019500-154019999","IRAK1, MIR718"
"595",14.7403264467518,37.4925990011733,14.4342068074234,"chrX:154019500-154019999","IRAK1, MIR718"
"596",14.2668583984262,-1.63093347393473,14.0850394237118,"chrX:154019500-154019999","IRAK1, MIR718"
"597",14.2006209941631,-19.774281663419,13.9231147451793,"chrX:154019500-154019999","IRAK1, MIR718"
"598",14.0249259731179,22.1114990178413,14.2969344779577,"chrX:154019500-154019999","IRAK1, MIR718"
"599",13.8085032329798,7.87017050618887,14.1698343133661,"chrX:154019500-154019999","IRAK1, MIR718"
"600",13.8379313959141,-0.222445979512359,14.0976098094185,"chrX:154019500-154019999","IRAK1, MIR718"
"601",13.3677067532792,-14.3639907851232,13.9714001885322,"chrX:154019500-154019999","IRAK1, MIR718"
"602",14.1100566469175,9.70069321804626,14.1861712539665,"chrX:154019500-154019999","IRAK1, MIR718"
"603",13.5632765586474,-10.816303676575,14.0030623761607,"chrX:154019500-154019999","IRAK1, MIR718"
"604",14.2008398737653,23.391536662046,14.3083584820545,"chrX:154019500-154019999","IRAK1, MIR718"
"605",14.1246845350306,14.1281796485789,14.2256854224366,"chrX:154019500-154019999","IRAK1, MIR718"
"606",14.4456471560727,6.12505939134375,14.1542596491242,"chrX:154019500-154019999","IRAK1, MIR718"
"607",14.476510922755,-9.71659271061435,14.0128770114079,"chrX:154019500-154019999","IRAK1, MIR718"
"608",13.0689161349496,-2.68366953776684,14.0756440272869,"chrX:154019500-154019999","IRAK1, MIR718"
"609",14.3640649587037,27.067026263974,14.3411612738009,"chrX:154019500-154019999","IRAK1, MIR718"
"610",14.4997496210985,32.8119746464153,14.3924334486111,"chrX:154019500-154019999","IRAK1, MIR718"
"611",13.0340749132708,1.90048687046042,14.1165564346878,"chrX:154019500-154019999","IRAK1, MIR718"
"612",14.2804399759932,5.94037943098756,14.1526114283603,"chrX:154019500-154019999","IRAK1, MIR718"
"613",14.2039891594208,-12.3892612667854,13.9890241374917,"chrX:154019500-154019999","IRAK1, MIR718"
"614",13.4781694839903,-3.45965468162329,14.068718561069,"chrX:154019500-154019999","IRAK1, MIR718"
"615",14.399214433232,-7.80074945070974,14.0299754157784,"chrX:154019500-154019999","IRAK1, MIR718"
"616",14.4143135285831,-1.62881089859038,14.0850583671465,"chrX:154019500-154019999","IRAK1, MIR718"
"617",14.1875955266274,-5.38118604570245,14.0515693918435,"chrX:154019500-154019999","IRAK1, MIR718"
"618",13.7437917967427,-13.5683713034134,13.9785008861247,"chrX:154019500-154019999","IRAK1, MIR718"
"619",14.3749721806712,-1.84092340198299,14.0831653180485,"chrX:154019500-154019999","IRAK1, MIR718"
"620",14.4245120784496,-0.102066616122415,14.0986841640257,"chrX:154019500-154019999","IRAK1, MIR718"
"621",13.0148512457394,-10.3942958082677,14.0068286869706,"chrX:154019500-154019999","IRAK1, MIR718"
"622",15.3293917838553,-11.9640881564433,15.7104736101476,"chr19:10717500-10717999","DNM2, MIR638"
"623",15.5552163766788,-19.5314780972655,15.6699654701135,"chr19:10717500-10717999","DNM2, MIR638"
"624",15.2456361638088,-6.09799615780624,15.7418747244013,"chr19:10717500-10717999","DNM2, MIR638"
"625",15.8373703564943,-0.430578925863141,15.7722123352102,"chr19:10717500-10717999","DNM2, MIR638"
"626",15.9132263125757,5.76621169075068,15.8053836748693,"chr19:10717500-10717999","DNM2, MIR638"
"627",16.3859262086686,-0.619870317375169,15.7711990608508,"chr19:10717500-10717999","DNM2, MIR638"
"628",15.7977534140109,-9.65621437920252,15.7228276284922,"chr19:10717500-10717999","DNM2, MIR638"
"629",16.1002658621025,14.4268509412402,15.8517439642541,"chr19:10717500-10717999","DNM2, MIR638"
"630",16.3180196461579,18.7089392384905,15.8746659272744,"chr19:10717500-10717999","DNM2, MIR638"
"631",15.7364156181966,-6.14688742225517,15.7416130100979,"chr19:10717500-10717999","DNM2, MIR638"
"632",15.7772936443021,-1.13335705239925,15.7684503730296,"chr19:10717500-10717999","DNM2, MIR638"
"633",15.9057771297924,11.7688668874967,15.8375158101482,"chr19:10717500-10717999","DNM2, MIR638"
"634",15.7300267238253,4.01806390099983,15.7960258624635,"chr19:10717500-10717999","DNM2, MIR638"
"635",16.0355420115339,-6.49736305157246,15.7397369186077,"chr19:10717500-10717999","DNM2, MIR638"
"636",15.9375160627349,-16.3552142560369,15.686967969188,"chr19:10717500-10717999","DNM2, MIR638"
"637",15.4590559996495,20.9800332308753,15.8868230639085,"chr19:10717500-10717999","DNM2, MIR638"
"638",15.8584320406633,1.61272294322959,15.7831501035679,"chr19:10717500-10717999","DNM2, MIR638"
"639",15.9014499081625,-0.708225793305526,15.7707260951361,"chr19:10717500-10717999","DNM2, MIR638"
"640",15.948045547833,-4.41650690512749,15.7508757145242,"chr19:10717500-10717999","DNM2, MIR638"
"641",15.9465827356202,13.4602427580542,15.8465697232081,"chr19:10717500-10717999","DNM2, MIR638"
"642",15.6917938993119,-14.9133793318019,15.6946860928045,"chr19:10717500-10717999","DNM2, MIR638"
"643",15.8869008073892,-17.4116378328407,15.681312947507,"chr19:10717500-10717999","DNM2, MIR638"
"644",15.7928449724112,-5.8599382003319,15.7431490455547,"chr19:10717500-10717999","DNM2, MIR638"
"645",16.2316520600907,15.7772479568529,15.8589726219337,"chr19:10717500-10717999","DNM2, MIR638"
"646",15.9819233614696,-12.155495388915,15.709449009719,"chr19:10717500-10717999","DNM2, MIR638"
"647",15.8530176907424,-3.77594197723426,15.7543046502607,"chr19:10717500-10717999","DNM2, MIR638"
"648",15.8987941892853,-6.70388919288965,15.7386313868566,"chr19:10717500-10717999","DNM2, MIR638"
"649",15.7541304692834,-13.3690573683455,15.7029528282103,"chr19:10717500-10717999","DNM2, MIR638"
"650",16.1220173497989,9.06127390898907,15.8230221001125,"chr19:10717500-10717999","DNM2, MIR638"
"651",15.9970085883481,-2.98440013782436,15.758541763443,"chr19:10717500-10717999","DNM2, MIR638"
"652",15.8634965568535,-15.9099086839385,15.6893516841299,"chr19:10717500-10717999","DNM2, MIR638"
"653",15.7768351845098,-9.44351971073653,15.7239661802891,"chr19:10717500-10717999","DNM2, MIR638"
"654",15.6289889677986,-3.6026813236423,15.7552321122883,"chr19:10717500-10717999","DNM2, MIR638"
"655",15.8790453563825,-13.1063358713071,15.7043591729706,"chr19:10717500-10717999","DNM2, MIR638"
"656",15.8362492807699,-5.97071986440154,15.7425560327463,"chr19:10717500-10717999","DNM2, MIR638"
"657",15.5604050932851,-5.10500958998633,15.7471901685975,"chr19:10717500-10717999","DNM2, MIR638"
"658",16.0106506875265,-12.873005909304,15.7056081852256,"chr19:10717500-10717999","DNM2, MIR638"
"659",15.7322199608234,4.7705851673041,15.8000540990249,"chr19:10717500-10717999","DNM2, MIR638"
"660",15.9278670261993,-11.9172686834966,15.710724234178,"chr19:10717500-10717999","DNM2, MIR638"
"661",15.9435541668559,10.7494819606734,15.8320590558792,"chr19:10717500-10717999","DNM2, MIR638"
"662",15.8791407280451,8.45327377946156,15.8197674833186,"chr19:10717500-10717999","DNM2, MIR638"
"663",15.9089464337741,31.5600510156118,15.9434577616497,"chr19:10717500-10717999","DNM2, MIR638"
"664",15.951800602694,37.4925990011733,15.975214613938,"chr19:10717500-10717999","DNM2, MIR638"
"665",15.7115969396269,-1.63093347393473,15.7657868529099,"chr19:10717500-10717999","DNM2, MIR638"
"666",15.9666254035191,-19.774281663419,15.6686657457784,"chr19:10717500-10717999","DNM2, MIR638"
"667",15.9759522071855,22.1114990178413,15.8928797855656,"chr19:10717500-10717999","DNM2, MIR638"
"668",15.5453984373826,7.87017050618887,15.8166461390727,"chr19:10717500-10717999","DNM2, MIR638"
"669",15.7638582159995,-0.222445979512359,15.7733264681678,"chr19:10717500-10717999","DNM2, MIR638"
"670",14.9525782592642,-14.3639907851232,15.6976269625569,"chr19:10717500-10717999","DNM2, MIR638"
"671",15.9554878116844,9.70069321804626,15.8264449033663,"chr19:10717500-10717999","DNM2, MIR638"
"672",15.1481596005403,-10.816303676575,15.7166176855558,"chr19:10717500-10717999","DNM2, MIR638"
"673",15.6862174496399,23.391536662046,15.8997318104442,"chr19:10717500-10717999","DNM2, MIR638"
"674",15.9492136226824,14.1281796485789,15.850145180705,"chr19:10717500-10717999","DNM2, MIR638"
"675",15.976119597795,6.12505939134375,15.8073045819483,"chr19:10717500-10717999","DNM2, MIR638"
"676",16.0502041413035,-9.71659271061435,15.7225044240686,"chr19:10717500-10717999","DNM2, MIR638"
"677",15.0687902079115,-2.68366953776684,15.7601515704379,"chr19:10717500-10717999","DNM2, MIR638"
"678",16.0078746245861,27.067026263974,15.9194066585296,"chr19:10717500-10717999","DNM2, MIR638"
"679",15.8216403503955,32.8119746464153,15.9501592925798,"chr19:10717500-10717999","DNM2, MIR638"
"680",15.3558654020466,1.90048687046042,15.7846905001316,"chr19:10717500-10717999","DNM2, MIR638"
"681",14.7949913988719,5.94037943098756,15.8063159925199,"chr19:10717500-10717999","DNM2, MIR638"
"682",15.6127470503223,-12.3892612667854,15.708197664012,"chr19:10717500-10717999","DNM2, MIR638"
"683",15.4780746603174,-3.45965468162329,15.7559977320448,"chr19:10717500-10717999","DNM2, MIR638"
"684",15.5691023399491,-7.80074945070974,15.7327599081474,"chr19:10717500-10717999","DNM2, MIR638"
"685",15.6098271121575,-1.62881089859038,15.7657982150282,"chr19:10717500-10717999","DNM2, MIR638"
"686",15.8656142743777,-5.38118604570245,15.7457117996183,"chr19:10717500-10717999","DNM2, MIR638"
"687",15.687130442434,-13.5683713034134,15.7018859033055,"chr19:10717500-10717999","DNM2, MIR638"
"688",15.6968595343312,-1.84092340198299,15.7646627795534,"chr19:10717500-10717999","DNM2, MIR638"
"689",15.9746659544052,-0.102066616122415,15.773970857336,"chr19:10717500-10717999","DNM2, MIR638"
"690",15.4168083526818,-10.3942958082677,15.7188766881919,"chr19:10717500-10717999","DNM2, MIR638"
"691",12.6713664406805,-11.9640881564433,12.5405778736043,"chr16:31260000-31260499","ITGAM"
"692",13.089688345656,-19.5314780972655,12.6751169185551,"chr16:31260000-31260499","ITGAM"
"693",13.0531237039531,-6.09799615780624,12.4362858493711,"chr16:31260000-31260499","ITGAM"
"694",11.6880359077573,-0.430578925863141,12.3355260223124,"chr16:31260000-31260499","ITGAM"
"695",11.0809790631374,5.76621169075068,12.2253545764323,"chr16:31260000-31260499","ITGAM"
"696",10.4561993294062,-0.619870317375169,12.3388913944197,"chr16:31260000-31260499","ITGAM"
"697",12.5816455535956,-9.65621437920252,12.4995466678273,"chr16:31260000-31260499","ITGAM"
"698",11.8527079456699,14.4268509412402,12.0713788803818,"chr16:31260000-31260499","ITGAM"
"699",0,18.7089392384905,11.9952485270615,"chr16:31260000-31260499","ITGAM"
"700",12.4147253431737,-6.14688742225517,12.4371550769485,"chr16:31260000-31260499","ITGAM"
"701",13.0669427079407,-1.13335705239925,12.3480205678157,"chr16:31260000-31260499","ITGAM"
"702",11.0990565546036,11.7688668874967,12.1186346236277,"chr16:31260000-31260499","ITGAM"
"703",12.249169871792,4.01806390099983,12.256434530803,"chr16:31260000-31260499","ITGAM"
"704",12.3525318473733,-6.49736305157246,12.4433861099488,"chr16:31260000-31260499","ITGAM"
"705",12.3773588588015,-16.3552142560369,12.6186467872347,"chr16:31260000-31260499","ITGAM"
"706",12.3718333512565,20.9800332308753,11.9548712213963,"chr16:31260000-31260499","ITGAM"
"707",12.4526727835016,1.61272294322959,12.299198585222,"chr16:31260000-31260499","ITGAM"
"708",11.9631882511566,-0.708225793305526,12.340462247969,"chr16:31260000-31260499","ITGAM"
"709",13.3236725865491,-4.41650690512749,12.4063910032063,"chr16:31260000-31260499","ITGAM"
"710",11.5041131778151,13.4602427580542,12.0885640053488,"chr16:31260000-31260499","ITGAM"
"711",12.9143459584277,-14.9133793318019,12.5930127053121,"chr16:31260000-31260499","ITGAM"
"712",11.4062819532475,-17.4116378328407,12.6374287213227,"chr16:31260000-31260499","ITGAM"
"713",11.7576123685006,-5.8599382003319,12.4320534666749,"chr16:31260000-31260499","ITGAM"
"714",10.6178418507027,15.7772479568529,12.0473704539355,"chr16:31260000-31260499","ITGAM"
"715",12.4585954455211,-12.155495388915,12.543980862806,"chr16:31260000-31260499","ITGAM"
"716",12.8531883041087,-3.77594197723426,12.3950025331655,"chr16:31260000-31260499","ITGAM"
"717",12.2499739541233,-6.70388919288965,12.4470578950725,"chr16:31260000-31260499","ITGAM"
"718",12.6745978578846,-13.3690573683455,12.5655565277285,"chr16:31260000-31260499","ITGAM"
"719",12.9257853269721,9.06127390898907,12.1667723535838,"chr16:31260000-31260499","ITGAM"
"720",12.0904267922968,-2.98440013782436,12.3809298761536,"chr16:31260000-31260499","ITGAM"
"721",13.0700910042141,-15.9099086839385,12.6107297924915,"chr16:31260000-31260499","ITGAM"
"722",11.8703042950033,-9.44351971073653,12.495765213748,"chr16:31260000-31260499","ITGAM"
"723",12.9968687861783,-3.6026813236423,12.391922168199,"chr16:31260000-31260499","ITGAM"
"724",13.6488361243214,-13.1063358713071,12.5608856571144,"chr16:31260000-31260499","ITGAM"
"725",13.5884142383863,-5.97071986440154,12.4340230307384,"chr16:31260000-31260499","ITGAM"
"726",12.597133973134,-5.10500958998633,12.4186317486141,"chr16:31260000-31260499","ITGAM"
"727",12.7213358683627,-12.873005909304,12.556737332462,"chr16:31260000-31260499","ITGAM"
"728",12.884387367066,4.7705851673041,12.243055612409,"chr16:31260000-31260499","ITGAM"
"729",13.0275523463137,-11.9172686834966,12.5397454799752,"chr16:31260000-31260499","ITGAM"
"730",11.8284508060345,10.7494819606734,12.1367580552949,"chr16:31260000-31260499","ITGAM"
"731",13.2942979093313,8.45327377946156,12.1775818608771,"chr16:31260000-31260499","ITGAM"
"732",12.4829102782533,31.5600510156118,11.7667712953383,"chr16:31260000-31260499","ITGAM"
"733",12.8144746090263,37.4925990011733,11.6612977639961,"chr16:31260000-31260499","ITGAM"
"734",12.0971895218299,-1.63093347393473,12.3568668750718,"chr16:31260000-31260499","ITGAM"
"735",12.5613727883674,-19.774281663419,12.6794336724367,"chr16:31260000-31260499","ITGAM"
"736",11.1185978222131,22.1114990178413,11.9347551275299,"chr16:31260000-31260499","ITGAM"
"737",10.6393824421618,7.87017050618887,12.1879487321639,"chr16:31260000-31260499","ITGAM"
"738",12.1011956728069,-0.222445979512359,12.3318256701377,"chr16:31260000-31260499","ITGAM"
"739",11.368116158583,-14.3639907851232,12.5832452411065,"chr16:31260000-31260499","ITGAM"
"740",11.9177029238991,9.70069321804626,12.155404251261,"chr16:31260000-31260499","ITGAM"
"741",11.6891252322879,-10.816303676575,12.5201716531058,"chr16:31260000-31260499","ITGAM"
"742",11.8792181936114,23.391536662046,11.91199760565,"chr16:31260000-31260499","ITGAM"
"743",12.1383443333391,14.1281796485789,12.0766888949024,"chr16:31260000-31260499","ITGAM"
"744",12.1155179801286,6.12505939134375,12.2189746981258,"chr16:31260000-31260499","ITGAM"
"745",12.9572548934728,-9.71659271061435,12.5006201215686,"chr16:31260000-31260499","ITGAM"
"746",0,-2.68366953776684,12.375583249637,"chr16:31260000-31260499","ITGAM"
"747",12.3642701932617,27.067026263974,11.8466518438171,"chr16:31260000-31260499","ITGAM"
"748",0,32.8119746464153,11.7445136066297,"chr16:31260000-31260499","ITGAM"
"749",13.0340749132708,1.90048687046042,12.2940824904729,"chr16:31260000-31260499","ITGAM"
"750",12.4732662907769,5.94037943098756,12.2222580845618,"chr16:31260000-31260499","ITGAM"
"751",12.6680814969212,-12.3892612667854,12.5481369375156,"chr16:31260000-31260499","ITGAM"
"752",13.2855424669933,-3.45965468162329,12.3893793274084,"chr16:31260000-31260499","ITGAM"
"753",13.399281201334,-7.80074945070974,12.4665587444652,"chr16:31260000-31260499","ITGAM"
"754",11.7823888595087,-1.62881089859038,12.3568291382482,"chr16:31260000-31260499","ITGAM"
"755",12.8657834046414,-5.38118604570245,12.4235418321277,"chr16:31260000-31260499","ITGAM"
"756",12.8507971412908,-13.5683713034134,12.5691000885439,"chr16:31260000-31260499","ITGAM"
"757",12.053315664568,-1.84092340198299,12.3606002421363,"chr16:31260000-31260499","ITGAM"
"758",11.6175507569784,-0.102066616122415,12.3296854705829,"chr16:31260000-31260499","ITGAM"
"759",13.0148512457394,-10.3942958082677,12.5126688633714,"chr16:31260000-31260499","ITGAM"
